quarter_id,sector,service_line,account,people_start_of_quarter,people_end_of_quarter,quarterly_revenue_usd
2024Q1,Tech - New Age,TS - EA,Umbra Health 01,153,154,4893747.39396747
2024Q1,Tech - New Age,TS - DAAI,Umbra Health 01,310,299,8973873.043269504
2024Q1,Tech - New Age,WC - Consulting,Umbra Health 01,219,217,4300594.549894024
2024Q1,Health,TS - CIS,Apex Mobility 02,203,226,4649734.680516926
2024Q1,Health,TS - CRS,Apex Mobility 02,256,253,5942323.694689838
2024Q1,Health,Engineering,Apex Mobility 02,162,166,3828589.5446395488
2024Q1,Health,WC - Consulting,Apex Mobility 02,155,153,3754725.880450899
2024Q1,Tech - Software and Gaming,Engineering,Horizon Foods 03,172,173,3025382.5704378295
2024Q1,Tech - Software and Gaming,TS - EA,Horizon Foods 03,241,241,4380458.251144815
2024Q1,Tech - Software and Gaming,TS - ICD,Horizon Foods 03,96,99,2254338.009840221
2024Q1,Tech - New Age,TS - CIS,Ever Health 04,670,717,15731961.519224375
2024Q1,Tech - New Age,WC - Consulting,Ever Health 04,485,533,9539971.682701651
2024Q1,Tech - New Age,TS - EA,Ever Health 04,934,951,25595128.0178558
2024Q1,Tech - New Age,TS - TTMS,Ever Health 04,227,235,4797627.585946736
2024Q1,Communications,TS - TTMS,Vertex Consulting 05,133,124,2275836.9051495884
2024Q1,Communications,TS - ICD,Vertex Consulting 05,100,99,1649483.4742073533
2024Q1,Tech - Software and Gaming,TS - ICD,Crown Software 06,394,416,9855417.828385433
2024Q1,Tech - Software and Gaming,TS - DAAI,Crown Software 06,652,686,20832946.18251158
2024Q1,Tech - Software and Gaming,TS - CIS,Crown Software 06,526,533,18268903.226772316
2024Q1,Tech - Software and Gaming,TS - EA,Crown Software 06,567,597,14848871.240793118
2024Q1,Tech - New Age,TS - EA,Blue Systems 07,177,182,4775232.405142091
2024Q1,Tech - New Age,Engineering,Blue Systems 07,191,205,4793492.937891984
2024Q1,Tech - New Age,TS - CRS,Blue Systems 07,123,125,3112191.273938679
2024Q1,Tech - New Age,TS - CIS,Blue Systems 07,221,216,5977981.351660175
2024Q1,Tech - New Age,TS - DAAI,Crown Holdings 08,248,253,8598784.51237114
2024Q1,Tech - New Age,WC - Consulting,Crown Holdings 08,235,194,5589912.940946382
2024Q1,Communications,Engineering,Horizon Aerospace 09,220,225,5225863.669422572
2024Q1,Communications,WC - Consulting,Horizon Aerospace 09,226,177,5453469.7280626735
2024Q1,Health,TS - EA,Titan Systems 10,395,354,10906678.119140731
2024Q1,Health,Engineering,Titan Systems 10,165,169,5569105.121087106
2024Q1,Health,TS - CRS,Titan Systems 10,149,153,3292407.911412601
2024Q1,Health,TS - CIS,River Holdings 11,154,143,3064175.3557815617
2024Q1,Health,WC - Consulting,River Holdings 11,127,122,3873638.1404466294
2024Q1,Health,TS - EA,River Holdings 11,102,110,2967294.076804603
2024Q1,Tech - Software and Gaming,TS - CRS,Willow Consulting 12,108,105,3333474.9103466375
2024Q1,Tech - Software and Gaming,TS - ICD,Willow Consulting 12,162,184,2524461.794255762
2024Q1,Tech - New Age,WC - Consulting,Nimbus Foods 13,226,226,5246361.519241501
2024Q1,Tech - New Age,TS - EA,Nimbus Foods 13,192,197,4318145.513780461
2024Q1,Tech - New Age,TS - DAAI,Nimbus Foods 13,174,191,3065444.2422319837
2024Q1,Tech - New Age,TS - TTMS,Nimbus Foods 13,171,172,3949495.421231886
2024Q1,Tech - Software and Gaming,TS - DAAI,Orion Mobility 14,278,261,6403083.435351414
2024Q1,Tech - Software and Gaming,TS - CIS,Orion Mobility 14,191,190,3903500.029455444
2024Q1,Health,BPS,Stratus Systems 15,105,105,2597485.25422829
2024Q1,Health,WC - Consulting,Stratus Systems 15,236,217,6182622.244474497
2024Q1,Health,TS - CRS,Stratus Systems 15,174,171,3606558.1955827055
2024Q1,Consumer,BPS,Nova Labs 16,81,77,1648773.5235052835
2024Q1,Consumer,Engineering,Nova Labs 16,177,187,5234984.657310772
2024Q1,Health - UHG,TS - EA,Willow Software 17,232,232,4497288.1383084655
2024Q1,Health - UHG,TS - CRS,Willow Software 17,145,143,2501062.937371895
2024Q1,Communications,TS - CIS,Keystone Mobility 18,187,186,4940757.063460268
2024Q1,Communications,BPS,Keystone Mobility 18,100,101,1608568.1834303974
2024Q1,Communications,TS - EA,Keystone Mobility 18,304,315,8357721.407368907
2024Q1,Communications,TS - CRS,Keystone Mobility 18,304,286,6063103.403162597
2024Q1,Tech - Software and Gaming,TS - ICD,Ever Holdings 19,482,452,11794771.24801176
2024Q1,Tech - Software and Gaming,TS - CRS,Ever Holdings 19,635,677,12234974.240040459
2024Q1,Tech - Software and Gaming,Engineering,Ever Holdings 19,265,258,6304379.625424175
2024Q1,Tech - Software and Gaming,WC - Consulting,Ever Holdings 19,537,491,10945843.997868802
2024Q1,Health - UHG,WC - Consulting,Nova Energy 20,193,198,3981081.5948098297
2024Q1,Health - UHG,TS - EA,Nova Energy 20,124,127,2593493.874456544
2024Q1,Tech - New Age,TS - TTMS,Delta Retail 21,220,200,4733291.710266444
2024Q1,Tech - New Age,TS - CIS,Delta Retail 21,352,357,8127409.269557035
2024Q1,Consumer,TS - EA,Matrix Health 22,121,126,2705455.220304777
2024Q1,Consumer,TS - CIS,Matrix Health 22,144,147,3125686.1111703804
2024Q1,Consumer,TS - ICD,Matrix Health 22,180,187,4656936.493252368
2024Q1,Tech - Software and Gaming,TS - CRS,Lumina Telecom 23,311,285,4913257.514334573
2024Q1,Tech - Software and Gaming,TS - CIS,Lumina Telecom 23,117,119,2212048.4497539005
2024Q1,Tech - Software and Gaming,TS - TTMS,Titan Mobility 24,178,175,3153450.220034271
2024Q1,Tech - Software and Gaming,TS - CRS,Titan Mobility 24,338,328,9264196.604297398
2024Q1,Tech - New Age,TS - TTMS,Stratus Networks 25,241,254,6224640.943112179
2024Q1,Tech - New Age,TS - DAAI,Stratus Networks 25,447,487,12989907.894874219
2024Q1,Consumer,TS - TTMS,Zenith Gaming 26,405,449,7745513.777717731
2024Q1,Consumer,TS - CIS,Zenith Gaming 26,424,457,9583195.265296908
2024Q1,Consumer,BPS,Zenith Gaming 26,614,610,12612745.324184282
2024Q1,Consumer,TS - ICD,Zenith Gaming 26,582,594,12737025.757847326
2024Q1,Health,TS - CIS,River Health 27,92,96,2492441.2617661986
2024Q1,Health,TS - ICD,River Health 27,212,214,4226407.424926585
2024Q1,Health,BPS,River Health 27,106,107,2371474.247304761
2024Q1,Communications,TS - ICD,Synergy Logistics 28,251,263,5793543.292429219
2024Q1,Communications,TS - EA,Synergy Logistics 28,146,145,4303520.2546877535
2024Q1,Communications,TS - CRS,Synergy Logistics 28,137,131,3544244.6748806117
2024Q1,Communications,TS - DAAI,Synergy Logistics 28,257,251,5375297.056785901
2024Q1,Communications,TS - EA,Crown Consulting 29,730,758,14186963.787996558
2024Q1,Communications,TS - CIS,Crown Consulting 29,712,712,18508831.462802455
2024Q1,Communications,Engineering,Crown Consulting 29,333,340,9720706.70981936
2024Q1,Tech - New Age,BPS,Jade Telecom 30,149,155,2870135.5997358463
2024Q1,Tech - New Age,TS - CRS,Jade Telecom 30,101,99,2065839.2780654842
2024Q1,Tech - New Age,TS - ICD,Jade Telecom 30,180,188,3990873.8686445286
2024Q1,Tech - New Age,WC - Consulting,Summit Holdings 31,120,123,3702791.2454491532
2024Q1,Tech - New Age,TS - DAAI,Summit Holdings 31,240,222,8653108.351723632
2024Q1,Tech - Software and Gaming,TS - TTMS,Willow Retail 32,120,130,2714410.7959196963
2024Q1,Tech - Software and Gaming,WC - Consulting,Willow Retail 32,130,126,3195402.0164165786
2024Q1,Consumer,TS - CIS,Blue Foods 33,249,224,4781187.623947005
2024Q1,Consumer,BPS,Blue Foods 33,144,135,3025206.88757581
2024Q1,Consumer,TS - CRS,Blue Foods 33,126,118,3024072.308723429
2024Q1,Consumer,TS - TTMS,Blue Foods 33,241,242,4746120.039403949
2024Q1,Health,TS - DAAI,Nova Capital 34,582,572,21126654.308700755
2024Q1,Health,Engineering,Nova Capital 34,664,651,19401116.99512642
2024Q1,Health,BPS,Nova Capital 34,492,510,11559236.139988225
2024Q1,Health,TS - CRS,Nova Capital 34,356,363,8819514.86549032
2024Q1,Health,TS - CRS,Crown Foods 35,176,179,5277186.176707856
2024Q1,Health,BPS,Crown Foods 35,112,115,2524650.0502460934
2024Q1,Health,TS - CIS,Crown Foods 35,149,155,3945117.3727310873
2024Q1,Consumer,TS - EA,Cobalt Health 36,296,259,9238367.697299741
2024Q1,Consumer,BPS,Cobalt Health 36,101,99,2123557.9138434143
2024Q1,Consumer,WC - Consulting,Cobalt Health 36,84,73,2536511.1628851416
2024Q1,Communications,BPS,Matrix Mobility 37,276,277,5362692.830192466
2024Q1,Communications,TS - ICD,Matrix Mobility 37,383,383,9311069.171476709
2024Q1,Communications,TS - DAAI,Matrix Mobility 37,168,179,3761270.8048978094
2024Q1,Communications,Engineering,Matrix Mobility 37,99,106,2364109.070154272
2024Q1,Health,WC - Consulting,Orion Telecom 38,158,160,4370896.794907538
2024Q1,Health,TS - DAAI,Orion Telecom 38,194,188,4236796.825603359
2024Q1,Health,TS - CIS,Orion Telecom 38,169,174,5116534.36255695
2024Q1,Health,TS - EA,Orion Telecom 38,127,123,4184938.5791132874
2024Q1,Consumer,TS - CRS,Falcon Telecom 39,239,239,5914988.225520445
2024Q1,Consumer,TS - CIS,Falcon Telecom 39,205,217,5311112.243987337
2024Q1,Tech - New Age,Engineering,Lumina Holdings 40,129,125,3340448.7447846243
2024Q1,Tech - New Age,TS - CRS,Lumina Holdings 40,217,227,5037907.517154376
2024Q1,Tech - New Age,TS - TTMS,Lumina Holdings 40,293,305,7035406.743760802
2024Q1,Tech - New Age,BPS,Lumina Holdings 40,155,146,2498270.3983899304
2024Q1,Health,TS - DAAI,Vertex Mobility 41,168,178,5332531.892779592
2024Q1,Health,Engineering,Vertex Mobility 41,167,174,4414182.367981817
2024Q1,Tech - Software and Gaming,BPS,Willow Retail 42,594,598,9055538.850006517
2024Q1,Tech - Software and Gaming,TS - ICD,Willow Retail 42,303,289,6286468.735647772
2024Q1,Tech - New Age,TS - CIS,Titan Labs 43,579,549,14240637.715644049
2024Q1,Tech - New Age,TS - CRS,Titan Labs 43,520,503,14362180.983273892
2024Q1,Tech - New Age,Engineering,Titan Labs 43,1246,1287,32037167.843646124
2024Q1,Consumer,TS - CIS,River Foods 44,188,177,4006252.9820598173
2024Q1,Consumer,TS - ICD,River Foods 44,310,318,6734532.4253100725
2024Q1,Tech - Software and Gaming,TS - TTMS,Falcon Gaming 45,120,111,2275959.261637704
2024Q1,Tech - Software and Gaming,TS - CRS,Falcon Gaming 45,180,178,4679397.297500842
2024Q1,Tech - Software and Gaming,Engineering,Falcon Gaming 45,204,205,4366454.513181367
2024Q1,Tech - Software and Gaming,WC - Consulting,Falcon Gaming 45,138,158,3819023.0328264767
2024Q2,Tech - New Age,TS - EA,Umbra Health 01,168,180,4911513.311772428
2024Q2,Tech - New Age,TS - DAAI,Umbra Health 01,362,345,9300441.524595158
2024Q2,Tech - New Age,WC - Consulting,Umbra Health 01,208,201,5691209.903822727
2024Q2,Health,TS - CIS,Apex Mobility 02,221,221,4580903.126006573
2024Q2,Health,TS - CRS,Apex Mobility 02,323,293,7020764.638657643
2024Q2,Health,Engineering,Apex Mobility 02,161,163,3801874.5288906014
2024Q2,Health,WC - Consulting,Apex Mobility 02,153,162,4563365.368741371
2024Q2,Tech - Software and Gaming,Engineering,Horizon Foods 03,184,187,3522299.7367866267
2024Q2,Tech - Software and Gaming,TS - EA,Horizon Foods 03,258,233,6385543.938833737
2024Q2,Tech - Software and Gaming,TS - ICD,Horizon Foods 03,87,86,1837839.4464162749
2024Q2,Tech - New Age,TS - CIS,Ever Health 04,666,696,16277175.212700285
2024Q2,Tech - New Age,WC - Consulting,Ever Health 04,594,527,11520259.515353747
2024Q2,Tech - New Age,TS - EA,Ever Health 04,832,778,23514761.453497194
2024Q2,Tech - New Age,TS - TTMS,Ever Health 04,197,207,5521968.283468665
2024Q2,Communications,TS - TTMS,Vertex Consulting 05,116,118,2416995.0375052937
2024Q2,Communications,TS - ICD,Vertex Consulting 05,95,97,1883540.5304272803
2024Q2,Tech - Software and Gaming,TS - ICD,Crown Software 06,395,439,7100441.783756417
2024Q2,Tech - Software and Gaming,TS - DAAI,Crown Software 06,686,705,18438457.962134358
2024Q2,Tech - Software and Gaming,TS - CIS,Crown Software 06,511,531,9714214.766301483
2024Q2,Tech - Software and Gaming,TS - EA,Crown Software 06,525,610,11736026.051072303
2024Q2,Tech - New Age,TS - EA,Blue Systems 07,167,165,4499671.870642668
2024Q2,Tech - New Age,Engineering,Blue Systems 07,237,226,5782579.863200835
2024Q2,Tech - New Age,TS - CRS,Blue Systems 07,124,127,4050708.1336653414
2024Q2,Tech - New Age,TS - CIS,Blue Systems 07,246,252,4811610.244147149
2024Q2,Tech - New Age,TS - DAAI,Crown Holdings 08,251,243,8532279.221744137
2024Q2,Tech - New Age,WC - Consulting,Crown Holdings 08,226,212,6052215.598342077
2024Q2,Communications,Engineering,Horizon Aerospace 09,214,244,5264275.085163094
2024Q2,Communications,WC - Consulting,Horizon Aerospace 09,175,178,6035786.04398382
2024Q2,Health,TS - EA,Titan Systems 10,344,329,9437979.151043959
2024Q2,Health,Engineering,Titan Systems 10,155,164,4365518.509090649
2024Q2,Health,TS - CRS,Titan Systems 10,127,126,3202381.2745677335
2024Q2,Health,TS - CIS,River Holdings 11,125,123,2556086.78201112
2024Q2,Health,WC - Consulting,River Holdings 11,155,160,2829890.9751216397
2024Q2,Health,TS - EA,River Holdings 11,123,113,3277892.897095863
2024Q2,Tech - Software and Gaming,TS - CRS,Willow Consulting 12,140,143,2676209.992758827
2024Q2,Tech - Software and Gaming,TS - ICD,Willow Consulting 12,167,186,3123894.762516344
2024Q2,Tech - New Age,WC - Consulting,Nimbus Foods 13,239,246,5740324.777650131
2024Q2,Tech - New Age,TS - EA,Nimbus Foods 13,180,176,5281064.650144163
2024Q2,Tech - New Age,TS - DAAI,Nimbus Foods 13,166,161,4305959.051847456
2024Q2,Tech - New Age,TS - TTMS,Nimbus Foods 13,231,225,3992528.550943288
2024Q2,Tech - Software and Gaming,TS - DAAI,Orion Mobility 14,257,253,8522386.596832665
2024Q2,Tech - Software and Gaming,TS - CIS,Orion Mobility 14,178,174,4921515.514735495
2024Q2,Health,BPS,Stratus Systems 15,120,127,2285264.5132961
2024Q2,Health,WC - Consulting,Stratus Systems 15,232,208,7165304.1804252975
2024Q2,Health,TS - CRS,Stratus Systems 15,168,177,4895759.212132753
2024Q2,Consumer,BPS,Nova Labs 16,79,77,1901777.8664461107
2024Q2,Consumer,Engineering,Nova Labs 16,183,187,4734149.750906633
2024Q2,Health - UHG,TS - EA,Willow Software 17,213,199,5497645.201842896
2024Q2,Health - UHG,TS - CRS,Willow Software 17,118,127,2992025.3474726886
2024Q2,Communications,TS - CIS,Keystone Mobility 18,192,206,3720414.0761027983
2024Q2,Communications,BPS,Keystone Mobility 18,91,96,1783152.2836704485
2024Q2,Communications,TS - EA,Keystone Mobility 18,318,289,5973842.9379733745
2024Q2,Communications,TS - CRS,Keystone Mobility 18,300,315,5205825.458401277
2024Q2,Tech - Software and Gaming,TS - ICD,Ever Holdings 19,536,549,12461463.077588566
2024Q2,Tech - Software and Gaming,TS - CRS,Ever Holdings 19,578,522,15647211.618096363
2024Q2,Tech - Software and Gaming,Engineering,Ever Holdings 19,292,292,7620686.125458275
2024Q2,Tech - Software and Gaming,WC - Consulting,Ever Holdings 19,410,419,10469974.423248474
2024Q2,Health - UHG,WC - Consulting,Nova Energy 20,196,203,3879860.6927661463
2024Q2,Health - UHG,TS - EA,Nova Energy 20,132,133,3053112.195427298
2024Q2,Tech - New Age,TS - TTMS,Delta Retail 21,197,200,4186071.138908491
2024Q2,Tech - New Age,TS - CIS,Delta Retail 21,310,337,8368149.487113765
2024Q2,Consumer,TS - EA,Matrix Health 22,124,133,3608758.103262661
2024Q2,Consumer,TS - CIS,Matrix Health 22,117,97,2899648.3998917667
2024Q2,Consumer,TS - ICD,Matrix Health 22,194,190,4001461.086350858
2024Q2,Tech - Software and Gaming,TS - CRS,Lumina Telecom 23,341,338,5757211.067976843
2024Q2,Tech - Software and Gaming,TS - CIS,Lumina Telecom 23,110,98,2859542.8761109877
2024Q2,Tech - Software and Gaming,TS - TTMS,Titan Mobility 24,177,178,3497665.7133801766
2024Q2,Tech - Software and Gaming,TS - CRS,Titan Mobility 24,308,331,6418649.318405782
2024Q2,Tech - New Age,TS - TTMS,Stratus Networks 25,271,253,5559191.621497931
2024Q2,Tech - New Age,TS - DAAI,Stratus Networks 25,450,459,10871538.081055192
2024Q2,Consumer,TS - TTMS,Zenith Gaming 26,438,414,8519128.727719381
2024Q2,Consumer,TS - CIS,Zenith Gaming 26,546,524,14272606.0011073
2024Q2,Consumer,BPS,Zenith Gaming 26,593,646,11217423.905429397
2024Q2,Consumer,TS - ICD,Zenith Gaming 26,624,604,11750396.6386033
2024Q2,Health,TS - CIS,River Health 27,98,101,1617745.619028424
2024Q2,Health,TS - ICD,River Health 27,212,188,3669558.174057849
2024Q2,Health,BPS,River Health 27,115,128,2110718.9650321244
2024Q2,Communications,TS - ICD,Synergy Logistics 28,258,267,4927578.567543493
2024Q2,Communications,TS - EA,Synergy Logistics 28,152,150,4548164.65507464
2024Q2,Communications,TS - CRS,Synergy Logistics 28,129,133,2957169.4907804285
2024Q2,Communications,TS - DAAI,Synergy Logistics 28,264,242,8026597.15942757
2024Q2,Communications,TS - EA,Crown Consulting 29,835,894,19363093.84319163
2024Q2,Communications,TS - CIS,Crown Consulting 29,705,691,15460212.01948807
2024Q2,Communications,Engineering,Crown Consulting 29,372,367,7748346.674066122
2024Q2,Tech - New Age,BPS,Jade Telecom 30,195,189,3230773.4390812167
2024Q2,Tech - New Age,TS - CRS,Jade Telecom 30,116,112,3411085.373878143
2024Q2,Tech - New Age,TS - ICD,Jade Telecom 30,185,193,2680257.2701205662
2024Q2,Tech - New Age,WC - Consulting,Summit Holdings 31,116,118,2302346.2854194203
2024Q2,Tech - New Age,TS - DAAI,Summit Holdings 31,242,251,5879685.047725673
2024Q2,Tech - Software and Gaming,TS - TTMS,Willow Retail 32,114,114,2430285.7790998365
2024Q2,Tech - Software and Gaming,WC - Consulting,Willow Retail 32,145,149,3617146.558941831
2024Q2,Consumer,TS - CIS,Blue Foods 33,238,232,5665080.147689738
2024Q2,Consumer,BPS,Blue Foods 33,155,176,2751990.0315882335
2024Q2,Consumer,TS - CRS,Blue Foods 33,152,138,3557471.4512014976
2024Q2,Consumer,TS - TTMS,Blue Foods 33,218,234,6226512.243632864
2024Q2,Health,TS - DAAI,Nova Capital 34,477,516,15417915.917329628
2024Q2,Health,Engineering,Nova Capital 34,642,609,16554424.604827529
2024Q2,Health,BPS,Nova Capital 34,512,580,9802854.97235981
2024Q2,Health,TS - CRS,Nova Capital 34,454,481,8985133.399354137
2024Q2,Health,TS - CRS,Crown Foods 35,182,193,4975431.291271958
2024Q2,Health,BPS,Crown Foods 35,120,120,2251169.508868318
2024Q2,Health,TS - CIS,Crown Foods 35,181,179,3564405.344933549
2024Q2,Consumer,TS - EA,Cobalt Health 36,326,322,9221685.744239528
2024Q2,Consumer,BPS,Cobalt Health 36,102,104,1290275.6133173534
2024Q2,Consumer,WC - Consulting,Cobalt Health 36,83,90,1771513.4092361918
2024Q2,Communications,BPS,Matrix Mobility 37,247,250,3937591.0706146853
2024Q2,Communications,TS - ICD,Matrix Mobility 37,336,318,8087304.725591726
2024Q2,Communications,TS - DAAI,Matrix Mobility 37,184,193,4566772.509184398
2024Q2,Communications,Engineering,Matrix Mobility 37,101,107,1797611.1137925552
2024Q2,Health,WC - Consulting,Orion Telecom 38,157,163,3956353.1927023283
2024Q2,Health,TS - DAAI,Orion Telecom 38,178,186,4355140.217634497
2024Q2,Health,TS - CIS,Orion Telecom 38,152,150,5548445.759689516
2024Q2,Health,TS - EA,Orion Telecom 38,119,112,4084108.288276747
2024Q2,Consumer,TS - CRS,Falcon Telecom 39,213,202,4377787.242208366
2024Q2,Consumer,TS - CIS,Falcon Telecom 39,180,162,4672438.817824104
2024Q2,Tech - New Age,Engineering,Lumina Holdings 40,116,118,2216280.1485978574
2024Q2,Tech - New Age,TS - CRS,Lumina Holdings 40,234,233,3646116.681703287
2024Q2,Tech - New Age,TS - TTMS,Lumina Holdings 40,319,311,6473411.7203275645
2024Q2,Tech - New Age,BPS,Lumina Holdings 40,123,101,2446457.2475585085
2024Q2,Health,TS - DAAI,Vertex Mobility 41,169,156,4788653.538750968
2024Q2,Health,Engineering,Vertex Mobility 41,196,209,3321555.6848174604
2024Q2,Tech - Software and Gaming,BPS,Willow Retail 42,448,430,9479936.744052438
2024Q2,Tech - Software and Gaming,TS - ICD,Willow Retail 42,282,288,6253069.927954593
2024Q2,Tech - New Age,TS - CIS,Titan Labs 43,552,506,14697684.426978575
2024Q2,Tech - New Age,TS - CRS,Titan Labs 43,513,557,11271579.248184681
2024Q2,Tech - New Age,Engineering,Titan Labs 43,1078,1069,22184431.825954664
2024Q2,Consumer,TS - CIS,River Foods 44,174,177,4388738.492572014
2024Q2,Consumer,TS - ICD,River Foods 44,310,353,5554441.781503851
2024Q2,Tech - Software and Gaming,TS - TTMS,Falcon Gaming 45,124,135,2399829.862576817
2024Q2,Tech - Software and Gaming,TS - CRS,Falcon Gaming 45,209,205,4649269.0423584245
2024Q2,Tech - Software and Gaming,Engineering,Falcon Gaming 45,215,207,4033186.29349199
2024Q2,Tech - Software and Gaming,WC - Consulting,Falcon Gaming 45,130,127,3596359.781462559
2024Q3,Tech - New Age,TS - EA,Umbra Health 01,161,155,4153615.1980448933
2024Q3,Tech - New Age,TS - DAAI,Umbra Health 01,300,290,9182336.369087141
2024Q3,Tech - New Age,WC - Consulting,Umbra Health 01,171,177,7144244.375278023
2024Q3,Health,TS - CIS,Apex Mobility 02,212,195,4739801.630555353
2024Q3,Health,TS - CRS,Apex Mobility 02,275,292,9935202.556401232
2024Q3,Health,Engineering,Apex Mobility 02,158,145,4225515.140558138
2024Q3,Health,WC - Consulting,Apex Mobility 02,128,123,5138357.061033864
2024Q3,Tech - Software and Gaming,Engineering,Horizon Foods 03,141,157,4263820.048125577
2024Q3,Tech - Software and Gaming,TS - EA,Horizon Foods 03,220,235,6670056.721502118
2024Q3,Tech - Software and Gaming,TS - ICD,Horizon Foods 03,90,91,1945534.7321353443
2024Q3,Tech - New Age,TS - CIS,Ever Health 04,741,699,15482657.307163645
2024Q3,Tech - New Age,WC - Consulting,Ever Health 04,550,533,15531034.47322719
2024Q3,Tech - New Age,TS - EA,Ever Health 04,932,936,27293281.88106699
2024Q3,Tech - New Age,TS - TTMS,Ever Health 04,224,225,4792186.309456353
2024Q3,Communications,TS - TTMS,Vertex Consulting 05,136,135,2160095.1313285553
2024Q3,Communications,TS - ICD,Vertex Consulting 05,84,84,1694910.8679986557
2024Q3,Tech - Software and Gaming,TS - ICD,Crown Software 06,396,391,7259143.720522761
2024Q3,Tech - Software and Gaming,TS - DAAI,Crown Software 06,790,722,15684484.241902469
2024Q3,Tech - Software and Gaming,TS - CIS,Crown Software 06,595,577,13435695.160657473
2024Q3,Tech - Software and Gaming,TS - EA,Crown Software 06,494,521,17070201.3895368
2024Q3,Tech - New Age,TS - EA,Blue Systems 07,176,162,4650417.447699468
2024Q3,Tech - New Age,Engineering,Blue Systems 07,222,219,3621609.4290532894
2024Q3,Tech - New Age,TS - CRS,Blue Systems 07,126,120,2767318.5065452917
2024Q3,Tech - New Age,TS - CIS,Blue Systems 07,234,236,5493592.972976476
2024Q3,Tech - New Age,TS - DAAI,Crown Holdings 08,256,250,10094029.42753772
2024Q3,Tech - New Age,WC - Consulting,Crown Holdings 08,222,242,5024237.234768958
2024Q3,Communications,Engineering,Horizon Aerospace 09,232,239,5441265.948088389
2024Q3,Communications,WC - Consulting,Horizon Aerospace 09,218,201,7827769.595222863
2024Q3,Health,TS - EA,Titan Systems 10,386,402,10718100.530769976
2024Q3,Health,Engineering,Titan Systems 10,182,174,5006100.957183593
2024Q3,Health,TS - CRS,Titan Systems 10,147,142,3711050.9412733978
2024Q3,Health,TS - CIS,River Holdings 11,144,147,3549008.45393235
2024Q3,Health,WC - Consulting,River Holdings 11,173,168,4294805.1335962275
2024Q3,Health,TS - EA,River Holdings 11,106,112,2820104.423729272
2024Q3,Tech - Software and Gaming,TS - CRS,Willow Consulting 12,130,124,3409610.970560614
2024Q3,Tech - Software and Gaming,TS - ICD,Willow Consulting 12,152,146,2978816.9194467356
2024Q3,Tech - New Age,WC - Consulting,Nimbus Foods 13,235,226,6452566.314294042
2024Q3,Tech - New Age,TS - EA,Nimbus Foods 13,195,188,5158685.556723821
2024Q3,Tech - New Age,TS - DAAI,Nimbus Foods 13,169,180,4093842.9373542825
2024Q3,Tech - New Age,TS - TTMS,Nimbus Foods 13,239,248,4703998.95838262
2024Q3,Tech - Software and Gaming,TS - DAAI,Orion Mobility 14,273,301,6919574.228815131
2024Q3,Tech - Software and Gaming,TS - CIS,Orion Mobility 14,185,210,3542973.257196058
2024Q3,Health,BPS,Stratus Systems 15,93,87,2155965.9431066606
2024Q3,Health,WC - Consulting,Stratus Systems 15,274,275,5621426.626177497
2024Q3,Health,TS - CRS,Stratus Systems 15,191,178,4569838.0713125
2024Q3,Consumer,BPS,Nova Labs 16,95,91,1447364.38072022
2024Q3,Consumer,Engineering,Nova Labs 16,164,158,5147270.675513825
2024Q3,Health - UHG,TS - EA,Willow Software 17,194,182,4510142.393837589
2024Q3,Health - UHG,TS - CRS,Willow Software 17,127,119,2723832.773161554
2024Q3,Communications,TS - CIS,Keystone Mobility 18,192,190,4279036.641777105
2024Q3,Communications,BPS,Keystone Mobility 18,89,83,2098093.4836752415
2024Q3,Communications,TS - EA,Keystone Mobility 18,329,346,8242377.251998997
2024Q3,Communications,TS - CRS,Keystone Mobility 18,229,216,6087216.488732993
2024Q3,Tech - Software and Gaming,TS - ICD,Ever Holdings 19,524,612,11833054.831304032
2024Q3,Tech - Software and Gaming,TS - CRS,Ever Holdings 19,628,611,10774299.701544605
2024Q3,Tech - Software and Gaming,Engineering,Ever Holdings 19,253,254,6490044.673952308
2024Q3,Tech - Software and Gaming,WC - Consulting,Ever Holdings 19,378,349,15766266.941859482
2024Q3,Health - UHG,WC - Consulting,Nova Energy 20,188,207,5040328.905376847
2024Q3,Health - UHG,TS - EA,Nova Energy 20,106,113,3426011.665864343
2024Q3,Tech - New Age,TS - TTMS,Delta Retail 21,215,219,4795413.6351581095
2024Q3,Tech - New Age,TS - CIS,Delta Retail 21,319,293,10134120.909833325
2024Q3,Consumer,TS - EA,Matrix Health 22,127,129,2417356.068969517
2024Q3,Consumer,TS - CIS,Matrix Health 22,133,124,2548267.884654686
2024Q3,Consumer,TS - ICD,Matrix Health 22,197,214,4197045.715208012
2024Q3,Tech - Software and Gaming,TS - CRS,Lumina Telecom 23,300,315,6426940.08357747
2024Q3,Tech - Software and Gaming,TS - CIS,Lumina Telecom 23,111,112,3486508.3544238578
2024Q3,Tech - Software and Gaming,TS - TTMS,Titan Mobility 24,166,142,3572751.951826089
2024Q3,Tech - Software and Gaming,TS - CRS,Titan Mobility 24,360,339,5757382.170746481
2024Q3,Tech - New Age,TS - TTMS,Stratus Networks 25,297,309,5101873.4245022675
2024Q3,Tech - New Age,TS - DAAI,Stratus Networks 25,411,441,7927247.975017489
2024Q3,Consumer,TS - TTMS,Zenith Gaming 26,431,460,9177008.68437955
2024Q3,Consumer,TS - CIS,Zenith Gaming 26,419,379,11397180.703304045
2024Q3,Consumer,BPS,Zenith Gaming 26,636,648,11444949.682186874
2024Q3,Consumer,TS - ICD,Zenith Gaming 26,497,527,15352618.666041555
2024Q3,Health,TS - CIS,River Health 27,103,93,2841727.078998238
2024Q3,Health,TS - ICD,River Health 27,201,201,4382533.112105645
2024Q3,Health,BPS,River Health 27,142,144,1707906.5529090094
2024Q3,Communications,TS - ICD,Synergy Logistics 28,236,232,6419245.778819892
2024Q3,Communications,TS - EA,Synergy Logistics 28,152,135,4304902.381814466
2024Q3,Communications,TS - CRS,Synergy Logistics 28,158,155,3402004.2637970406
2024Q3,Communications,TS - DAAI,Synergy Logistics 28,275,270,8212840.013769859
2024Q3,Communications,TS - EA,Crown Consulting 29,750,743,17259655.9691668
2024Q3,Communications,TS - CIS,Crown Consulting 29,685,662,22264237.182216484
2024Q3,Communications,Engineering,Crown Consulting 29,331,322,7285365.282755426
2024Q3,Tech - New Age,BPS,Jade Telecom 30,179,179,3871021.2165299025
2024Q3,Tech - New Age,TS - CRS,Jade Telecom 30,113,116,2192608.465589217
2024Q3,Tech - New Age,TS - ICD,Jade Telecom 30,179,176,3537065.6815289096
2024Q3,Tech - New Age,WC - Consulting,Summit Holdings 31,106,103,4181201.6172749223
2024Q3,Tech - New Age,TS - DAAI,Summit Holdings 31,245,246,6572055.441220593
2024Q3,Tech - Software and Gaming,TS - TTMS,Willow Retail 32,124,110,2947038.7458493863
2024Q3,Tech - Software and Gaming,WC - Consulting,Willow Retail 32,126,130,3620803.28791052
2024Q3,Consumer,TS - CIS,Blue Foods 33,201,201,5565556.762471938
2024Q3,Consumer,BPS,Blue Foods 33,170,170,3832516.0561816413
2024Q3,Consumer,TS - CRS,Blue Foods 33,143,151,3157174.3547799173
2024Q3,Consumer,TS - TTMS,Blue Foods 33,249,220,4376105.198404873
2024Q3,Health,TS - DAAI,Nova Capital 34,556,490,14245175.72441955
2024Q3,Health,Engineering,Nova Capital 34,531,540,16675095.60117318
2024Q3,Health,BPS,Nova Capital 34,468,468,10698312.632561732
2024Q3,Health,TS - CRS,Nova Capital 34,426,430,8278964.260355242
2024Q3,Health,TS - CRS,Crown Foods 35,224,218,4306695.662945791
2024Q3,Health,BPS,Crown Foods 35,114,119,2174029.764808984
2024Q3,Health,TS - CIS,Crown Foods 35,164,173,3614518.3416110505
2024Q3,Consumer,TS - EA,Cobalt Health 36,293,302,6444393.771133535
2024Q3,Consumer,BPS,Cobalt Health 36,103,101,1817049.0608931168
2024Q3,Consumer,WC - Consulting,Cobalt Health 36,85,74,2104710.7677415824
2024Q3,Communications,BPS,Matrix Mobility 37,273,286,5659539.189345937
2024Q3,Communications,TS - ICD,Matrix Mobility 37,388,416,10330860.656208798
2024Q3,Communications,TS - DAAI,Matrix Mobility 37,157,163,4973427.128679339
2024Q3,Communications,Engineering,Matrix Mobility 37,84,80,2276716.537719868
2024Q3,Health,WC - Consulting,Orion Telecom 38,172,179,5018182.565602498
2024Q3,Health,TS - DAAI,Orion Telecom 38,169,178,4697261.033979644
2024Q3,Health,TS - CIS,Orion Telecom 38,174,190,3462054.5272418507
2024Q3,Health,TS - EA,Orion Telecom 38,124,117,2900234.8876098427
2024Q3,Consumer,TS - CRS,Falcon Telecom 39,252,249,4536095.530362029
2024Q3,Consumer,TS - CIS,Falcon Telecom 39,186,194,4440115.446106537
2024Q3,Tech - New Age,Engineering,Lumina Holdings 40,113,113,2890711.0297549437
2024Q3,Tech - New Age,TS - CRS,Lumina Holdings 40,201,188,5802694.503243787
2024Q3,Tech - New Age,TS - TTMS,Lumina Holdings 40,313,321,5563088.02308637
2024Q3,Tech - New Age,BPS,Lumina Holdings 40,156,161,3055889.916488796
2024Q3,Health,TS - DAAI,Vertex Mobility 41,150,151,5027733.427523869
2024Q3,Health,Engineering,Vertex Mobility 41,181,183,4762026.061577805
2024Q3,Tech - Software and Gaming,BPS,Willow Retail 42,664,654,11364742.331594054
2024Q3,Tech - Software and Gaming,TS - ICD,Willow Retail 42,279,304,5268371.82435925
2024Q3,Tech - New Age,TS - CIS,Titan Labs 43,622,588,12334286.597117541
2024Q3,Tech - New Age,TS - CRS,Titan Labs 43,522,504,11393693.23142413
2024Q3,Tech - New Age,Engineering,Titan Labs 43,1125,1126,33810251.22206576
2024Q3,Consumer,TS - CIS,River Foods 44,161,169,2967422.2570618046
2024Q3,Consumer,TS - ICD,River Foods 44,243,221,7067250.149067296
2024Q3,Tech - Software and Gaming,TS - TTMS,Falcon Gaming 45,114,105,2795176.4790318445
2024Q3,Tech - Software and Gaming,TS - CRS,Falcon Gaming 45,210,184,4876046.36237378
2024Q3,Tech - Software and Gaming,Engineering,Falcon Gaming 45,192,192,5769168.681351261
2024Q3,Tech - Software and Gaming,WC - Consulting,Falcon Gaming 45,149,139,3635963.8839561883
2024Q4,Tech - New Age,TS - EA,Umbra Health 01,156,158,4691118.461511324
2024Q4,Tech - New Age,TS - DAAI,Umbra Health 01,346,356,8908790.523680804
2024Q4,Tech - New Age,WC - Consulting,Umbra Health 01,206,203,5975236.998867922
2024Q4,Health,TS - CIS,Apex Mobility 02,185,186,4640989.87490684
2024Q4,Health,TS - CRS,Apex Mobility 02,292,294,7835499.635964284
2024Q4,Health,Engineering,Apex Mobility 02,167,169,4506408.982752831
2024Q4,Health,WC - Consulting,Apex Mobility 02,135,141,3567436.1521869674
2024Q4,Tech - Software and Gaming,Engineering,Horizon Foods 03,149,154,3966846.3280622074
2024Q4,Tech - Software and Gaming,TS - EA,Horizon Foods 03,199,200,6796769.21466644
2024Q4,Tech - Software and Gaming,TS - ICD,Horizon Foods 03,99,94,2316220.240396099
2024Q4,Tech - New Age,TS - CIS,Ever Health 04,750,753,14367111.704567013
2024Q4,Tech - New Age,WC - Consulting,Ever Health 04,541,540,16101761.21755307
2024Q4,Tech - New Age,TS - EA,Ever Health 04,979,990,20133147.850013632
2024Q4,Tech - New Age,TS - TTMS,Ever Health 04,222,251,5927051.197457141
2024Q4,Communications,TS - TTMS,Vertex Consulting 05,125,121,3075377.584723016
2024Q4,Communications,TS - ICD,Vertex Consulting 05,94,96,2185518.9952716557
2024Q4,Tech - Software and Gaming,TS - ICD,Crown Software 06,395,420,9268475.03031269
2024Q4,Tech - Software and Gaming,TS - DAAI,Crown Software 06,693,697,19948661.20652566
2024Q4,Tech - Software and Gaming,TS - CIS,Crown Software 06,636,725,14731268.86463705
2024Q4,Tech - Software and Gaming,TS - EA,Crown Software 06,537,525,13731090.16956061
2024Q4,Tech - New Age,TS - EA,Blue Systems 07,170,173,4859844.464236192
2024Q4,Tech - New Age,Engineering,Blue Systems 07,207,197,5832656.083374379
2024Q4,Tech - New Age,TS - CRS,Blue Systems 07,123,120,2635106.205659204
2024Q4,Tech - New Age,TS - CIS,Blue Systems 07,204,207,5166911.048995436
2024Q4,Tech - New Age,TS - DAAI,Crown Holdings 08,284,298,6203359.901572842
2024Q4,Tech - New Age,WC - Consulting,Crown Holdings 08,227,231,5364885.42380008
2024Q4,Communications,Engineering,Horizon Aerospace 09,207,223,4415211.26594615
2024Q4,Communications,WC - Consulting,Horizon Aerospace 09,243,242,6807164.280372675
2024Q4,Health,TS - EA,Titan Systems 10,406,398,13229854.4560603
2024Q4,Health,Engineering,Titan Systems 10,163,189,5735422.032426858
2024Q4,Health,TS - CRS,Titan Systems 10,177,181,2877484.1878286093
2024Q4,Health,TS - CIS,River Holdings 11,145,139,3790911.615290388
2024Q4,Health,WC - Consulting,River Holdings 11,140,134,4762545.542240641
2024Q4,Health,TS - EA,River Holdings 11,139,131,2993301.5062456895
2024Q4,Tech - Software and Gaming,TS - CRS,Willow Consulting 12,129,136,3055087.16436106
2024Q4,Tech - Software and Gaming,TS - ICD,Willow Consulting 12,162,158,2726433.3939825944
2024Q4,Tech - New Age,WC - Consulting,Nimbus Foods 13,213,215,6436177.161417005
2024Q4,Tech - New Age,TS - EA,Nimbus Foods 13,203,202,4310432.737977519
2024Q4,Tech - New Age,TS - DAAI,Nimbus Foods 13,165,172,4657947.658836937
2024Q4,Tech - New Age,TS - TTMS,Nimbus Foods 13,218,207,3759691.6211543335
2024Q4,Tech - Software and Gaming,TS - DAAI,Orion Mobility 14,252,236,8296764.279367975
2024Q4,Tech - Software and Gaming,TS - CIS,Orion Mobility 14,172,174,4884661.426956275
2024Q4,Health,BPS,Stratus Systems 15,114,118,2035020.0772723402
2024Q4,Health,WC - Consulting,Stratus Systems 15,217,221,5631337.520097467
2024Q4,Health,TS - CRS,Stratus Systems 15,163,155,3171980.9293253454
2024Q4,Consumer,BPS,Nova Labs 16,91,95,1663621.1201650656
2024Q4,Consumer,Engineering,Nova Labs 16,144,138,4267945.487306876
2024Q4,Health - UHG,TS - EA,Willow Software 17,211,204,4295634.483143426
2024Q4,Health - UHG,TS - CRS,Willow Software 17,121,114,3195164.723860969
2024Q4,Communications,TS - CIS,Keystone Mobility 18,212,229,4422143.135081928
2024Q4,Communications,BPS,Keystone Mobility 18,84,87,1473437.7273506396
2024Q4,Communications,TS - EA,Keystone Mobility 18,319,331,7266400.4659793265
2024Q4,Communications,TS - CRS,Keystone Mobility 18,259,278,7428680.5742514925
2024Q4,Tech - Software and Gaming,TS - ICD,Ever Holdings 19,490,573,12100310.262582595
2024Q4,Tech - Software and Gaming,TS - CRS,Ever Holdings 19,665,597,14591514.777046926
2024Q4,Tech - Software and Gaming,Engineering,Ever Holdings 19,247,236,7216043.432563188
2024Q4,Tech - Software and Gaming,WC - Consulting,Ever Holdings 19,462,445,9882942.883483475
2024Q4,Health - UHG,WC - Consulting,Nova Energy 20,167,158,4998692.980485977
2024Q4,Health - UHG,TS - EA,Nova Energy 20,134,125,3490377.077282942
2024Q4,Tech - New Age,TS - TTMS,Delta Retail 21,219,215,4144022.0732378988
2024Q4,Tech - New Age,TS - CIS,Delta Retail 21,381,353,9521835.151483225
2024Q4,Consumer,TS - EA,Matrix Health 22,145,148,2921014.511621643
2024Q4,Consumer,TS - CIS,Matrix Health 22,126,126,3564192.577133294
2024Q4,Consumer,TS - ICD,Matrix Health 22,160,165,4447390.834819269
2024Q4,Tech - Software and Gaming,TS - CRS,Lumina Telecom 23,280,289,4649955.465157178
2024Q4,Tech - Software and Gaming,TS - CIS,Lumina Telecom 23,123,127,3446449.0025173984
2024Q4,Tech - Software and Gaming,TS - TTMS,Titan Mobility 24,180,176,2387314.331939865
2024Q4,Tech - Software and Gaming,TS - CRS,Titan Mobility 24,330,372,7063613.444679653
2024Q4,Tech - New Age,TS - TTMS,Stratus Networks 25,259,263,7245015.385221604
2024Q4,Tech - New Age,TS - DAAI,Stratus Networks 25,450,400,11494468.574169632
2024Q4,Consumer,TS - TTMS,Zenith Gaming 26,396,372,7679802.491926944
2024Q4,Consumer,TS - CIS,Zenith Gaming 26,523,468,10016809.924653176
2024Q4,Consumer,BPS,Zenith Gaming 26,758,759,14324271.720817173
2024Q4,Consumer,TS - ICD,Zenith Gaming 26,595,591,9854518.859418252
2024Q4,Health,TS - CIS,River Health 27,102,99,2831153.652553949
2024Q4,Health,TS - ICD,River Health 27,191,214,4488961.746764717
2024Q4,Health,BPS,River Health 27,102,105,1980431.4584314148
2024Q4,Communications,TS - ICD,Synergy Logistics 28,247,258,5397536.95029549
2024Q4,Communications,TS - EA,Synergy Logistics 28,140,132,3423174.6231498783
2024Q4,Communications,TS - CRS,Synergy Logistics 28,122,115,3723229.3187750755
2024Q4,Communications,TS - DAAI,Synergy Logistics 28,286,287,7964885.678333848
2024Q4,Communications,TS - EA,Crown Consulting 29,811,819,15989358.286053175
2024Q4,Communications,TS - CIS,Crown Consulting 29,693,616,15608742.093219208
2024Q4,Communications,Engineering,Crown Consulting 29,323,320,7441001.797839662
2024Q4,Tech - New Age,BPS,Jade Telecom 30,173,173,4228566.323162819
2024Q4,Tech - New Age,TS - CRS,Jade Telecom 30,129,127,2321888.3485100106
2024Q4,Tech - New Age,TS - ICD,Jade Telecom 30,180,171,5207881.467438819
2024Q4,Tech - New Age,WC - Consulting,Summit Holdings 31,127,123,3336261.143272363
2024Q4,Tech - New Age,TS - DAAI,Summit Holdings 31,238,235,5779822.9160873005
2024Q4,Tech - Software and Gaming,TS - TTMS,Willow Retail 32,117,118,2362978.569821011
2024Q4,Tech - Software and Gaming,WC - Consulting,Willow Retail 32,114,118,3119308.5722038327
2024Q4,Consumer,TS - CIS,Blue Foods 33,194,207,4701349.458048006
2024Q4,Consumer,BPS,Blue Foods 33,155,152,3189517.328626278
2024Q4,Consumer,TS - CRS,Blue Foods 33,140,136,2739267.4301490146
2024Q4,Consumer,TS - TTMS,Blue Foods 33,237,243,4149203.9051757157
2024Q4,Health,TS - DAAI,Nova Capital 34,567,588,15281675.687826723
2024Q4,Health,Engineering,Nova Capital 34,607,591,11793054.216869114
2024Q4,Health,BPS,Nova Capital 34,422,442,9066960.853908008
2024Q4,Health,TS - CRS,Nova Capital 34,412,436,9199165.48457073
2024Q4,Health,TS - CRS,Crown Foods 35,211,227,4241179.887586078
2024Q4,Health,BPS,Crown Foods 35,124,137,3224206.0817568596
2024Q4,Health,TS - CIS,Crown Foods 35,142,135,3876537.5776844434
2024Q4,Consumer,TS - EA,Cobalt Health 36,310,310,8273890.68407956
2024Q4,Consumer,BPS,Cobalt Health 36,109,109,1539890.497089441
2024Q4,Consumer,WC - Consulting,Cobalt Health 36,91,90,2142721.5088902847
2024Q4,Communications,BPS,Matrix Mobility 37,253,243,5241509.216979189
2024Q4,Communications,TS - ICD,Matrix Mobility 37,390,355,7899422.523543393
2024Q4,Communications,TS - DAAI,Matrix Mobility 37,171,172,5864350.633665578
2024Q4,Communications,Engineering,Matrix Mobility 37,99,94,2029597.236528491
2024Q4,Health,WC - Consulting,Orion Telecom 38,183,184,4738998.65179944
2024Q4,Health,TS - DAAI,Orion Telecom 38,197,188,4895222.338452054
2024Q4,Health,TS - CIS,Orion Telecom 38,170,159,4242856.3688611
2024Q4,Health,TS - EA,Orion Telecom 38,137,139,3054002.41100394
2024Q4,Consumer,TS - CRS,Falcon Telecom 39,214,216,4822807.143616419
2024Q4,Consumer,TS - CIS,Falcon Telecom 39,230,238,5137073.348930571
2024Q4,Tech - New Age,Engineering,Lumina Holdings 40,119,135,2543998.3622447583
2024Q4,Tech - New Age,TS - CRS,Lumina Holdings 40,207,210,5631245.845738281
2024Q4,Tech - New Age,TS - TTMS,Lumina Holdings 40,279,287,7364550.024066364
2024Q4,Tech - New Age,BPS,Lumina Holdings 40,173,162,3024394.923987655
2024Q4,Health,TS - DAAI,Vertex Mobility 41,188,173,4904202.48355259
2024Q4,Health,Engineering,Vertex Mobility 41,154,169,5132691.183855309
2024Q4,Tech - Software and Gaming,BPS,Willow Retail 42,543,513,11064956.695460739
2024Q4,Tech - Software and Gaming,TS - ICD,Willow Retail 42,308,289,6299424.362256885
2024Q4,Tech - New Age,TS - CIS,Titan Labs 43,595,594,15243396.733700737
2024Q4,Tech - New Age,TS - CRS,Titan Labs 43,462,459,14729260.70347162
2024Q4,Tech - New Age,Engineering,Titan Labs 43,1268,1199,23857415.08840762
2024Q4,Consumer,TS - CIS,River Foods 44,155,152,4673937.59683383
2024Q4,Consumer,TS - ICD,River Foods 44,278,299,5085220.5079872245
2024Q4,Tech - Software and Gaming,TS - TTMS,Falcon Gaming 45,110,105,2432074.3003929215
2024Q4,Tech - Software and Gaming,TS - CRS,Falcon Gaming 45,219,201,6361426.353842663
2024Q4,Tech - Software and Gaming,Engineering,Falcon Gaming 45,217,229,5754599.76784447
2024Q4,Tech - Software and Gaming,WC - Consulting,Falcon Gaming 45,159,164,4172978.141549944
2025Q1,Tech - New Age,TS - EA,Umbra Health 01,164,158,3108724.5290414854
2025Q1,Tech - New Age,TS - DAAI,Umbra Health 01,343,378,8138856.287792269
2025Q1,Tech - New Age,WC - Consulting,Umbra Health 01,205,208,5311100.503478887
2025Q1,Health,TS - CIS,Apex Mobility 02,209,219,5364227.891979589
2025Q1,Health,TS - CRS,Apex Mobility 02,262,264,5626195.572669888
2025Q1,Health,Engineering,Apex Mobility 02,157,151,3844435.1278446843
2025Q1,Health,WC - Consulting,Apex Mobility 02,152,152,4063246.1491593407
2025Q1,Tech - Software and Gaming,Engineering,Horizon Foods 03,151,164,2640986.012300083
2025Q1,Tech - Software and Gaming,TS - EA,Horizon Foods 03,194,200,6296708.717256065
2025Q1,Tech - Software and Gaming,TS - ICD,Horizon Foods 03,101,91,1696616.2150317456
2025Q1,Tech - New Age,TS - CIS,Ever Health 04,784,774,17276696.831014916
2025Q1,Tech - New Age,WC - Consulting,Ever Health 04,529,586,14050552.142409656
2025Q1,Tech - New Age,TS - EA,Ever Health 04,766,756,25863182.371089086
2025Q1,Tech - New Age,TS - TTMS,Ever Health 04,232,207,4832489.644180616
2025Q1,Communications,TS - TTMS,Vertex Consulting 05,105,117,1713079.379097144
2025Q1,Communications,TS - ICD,Vertex Consulting 05,94,98,1725862.438780773
2025Q1,Tech - Software and Gaming,TS - ICD,Crown Software 06,370,368,8574888.368916344
2025Q1,Tech - Software and Gaming,TS - DAAI,Crown Software 06,657,642,18547651.1957201
2025Q1,Tech - Software and Gaming,TS - CIS,Crown Software 06,521,555,13262077.63367237
2025Q1,Tech - Software and Gaming,TS - EA,Crown Software 06,549,531,15161473.888423529
2025Q1,Tech - New Age,TS - EA,Blue Systems 07,171,183,4768405.564226287
2025Q1,Tech - New Age,Engineering,Blue Systems 07,209,216,4597967.5132120885
2025Q1,Tech - New Age,TS - CRS,Blue Systems 07,117,119,2016406.9471153838
2025Q1,Tech - New Age,TS - CIS,Blue Systems 07,248,250,4910889.220331058
2025Q1,Tech - New Age,TS - DAAI,Crown Holdings 08,267,264,7328525.828978726
2025Q1,Tech - New Age,WC - Consulting,Crown Holdings 08,216,230,4958246.328358712
2025Q1,Communications,Engineering,Horizon Aerospace 09,211,200,5924400.276450301
2025Q1,Communications,WC - Consulting,Horizon Aerospace 09,193,174,6487216.682053159
2025Q1,Health,TS - EA,Titan Systems 10,396,411,9537602.21647053
2025Q1,Health,Engineering,Titan Systems 10,176,183,2713849.9895337685
2025Q1,Health,TS - CRS,Titan Systems 10,126,130,2812824.2706354912
2025Q1,Health,TS - CIS,River Holdings 11,132,135,4186562.3961843303
2025Q1,Health,WC - Consulting,River Holdings 11,130,127,3288919.046090735
2025Q1,Health,TS - EA,River Holdings 11,139,146,2208581.04073989
2025Q1,Tech - Software and Gaming,TS - CRS,Willow Consulting 12,110,110,3360034.9956841078
2025Q1,Tech - Software and Gaming,TS - ICD,Willow Consulting 12,143,139,3425525.4432724495
2025Q1,Tech - New Age,WC - Consulting,Nimbus Foods 13,245,240,6771608.664154728
2025Q1,Tech - New Age,TS - EA,Nimbus Foods 13,215,241,4889985.482891227
2025Q1,Tech - New Age,TS - DAAI,Nimbus Foods 13,150,134,4492848.112011259
2025Q1,Tech - New Age,TS - TTMS,Nimbus Foods 13,207,213,4655466.104632194
2025Q1,Tech - Software and Gaming,TS - DAAI,Orion Mobility 14,282,254,7878467.283508631
2025Q1,Tech - Software and Gaming,TS - CIS,Orion Mobility 14,138,137,5469082.734127769
2025Q1,Health,BPS,Stratus Systems 15,98,95,2456424.6199749373
2025Q1,Health,WC - Consulting,Stratus Systems 15,238,208,4888608.7088183705
2025Q1,Health,TS - CRS,Stratus Systems 15,208,213,4348505.604873942
2025Q1,Consumer,BPS,Nova Labs 16,84,82,1906471.290247395
2025Q1,Consumer,Engineering,Nova Labs 16,183,160,5175055.396807614
2025Q1,Health - UHG,TS - EA,Willow Software 17,227,238,4717762.811622449
2025Q1,Health - UHG,TS - CRS,Willow Software 17,147,160,3298608.6829020176
2025Q1,Communications,TS - CIS,Keystone Mobility 18,183,199,5044782.998563304
2025Q1,Communications,BPS,Keystone Mobility 18,87,89,2362946.935764416
2025Q1,Communications,TS - EA,Keystone Mobility 18,347,348,6547085.04618306
2025Q1,Communications,TS - CRS,Keystone Mobility 18,234,253,5439111.751371117
2025Q1,Tech - Software and Gaming,TS - ICD,Ever Holdings 19,526,579,9795724.0272455
2025Q1,Tech - Software and Gaming,TS - CRS,Ever Holdings 19,577,616,12826124.128494747
2025Q1,Tech - Software and Gaming,Engineering,Ever Holdings 19,259,244,5338854.987503971
2025Q1,Tech - Software and Gaming,WC - Consulting,Ever Holdings 19,420,425,7211082.433106377
2025Q1,Health - UHG,WC - Consulting,Nova Energy 20,167,171,4324036.365626744
2025Q1,Health - UHG,TS - EA,Nova Energy 20,121,108,3348084.551229108
2025Q1,Tech - New Age,TS - TTMS,Delta Retail 21,209,215,3831407.78168985
2025Q1,Tech - New Age,TS - CIS,Delta Retail 21,391,444,11063476.715533318
2025Q1,Consumer,TS - EA,Matrix Health 22,125,130,3052850.221993136
2025Q1,Consumer,TS - CIS,Matrix Health 22,135,147,3718022.964968935
2025Q1,Consumer,TS - ICD,Matrix Health 22,188,190,3950432.6828554277
2025Q1,Tech - Software and Gaming,TS - CRS,Lumina Telecom 23,280,279,7564498.042953461
2025Q1,Tech - Software and Gaming,TS - CIS,Lumina Telecom 23,124,127,2789209.0907826056
2025Q1,Tech - Software and Gaming,TS - TTMS,Titan Mobility 24,184,175,4296088.145096466
2025Q1,Tech - Software and Gaming,TS - CRS,Titan Mobility 24,395,372,7248744.402564644
2025Q1,Tech - New Age,TS - TTMS,Stratus Networks 25,276,297,6209018.749706212
2025Q1,Tech - New Age,TS - DAAI,Stratus Networks 25,408,442,11816326.143142689
2025Q1,Consumer,TS - TTMS,Zenith Gaming 26,466,438,8502431.488114981
2025Q1,Consumer,TS - CIS,Zenith Gaming 26,510,540,11636490.02983049
2025Q1,Consumer,BPS,Zenith Gaming 26,591,588,15929150.067428447
2025Q1,Consumer,TS - ICD,Zenith Gaming 26,559,570,11712650.856462715
2025Q1,Health,TS - CIS,River Health 27,101,104,2361574.647789875
2025Q1,Health,TS - ICD,River Health 27,186,197,5071450.480080351
2025Q1,Health,BPS,River Health 27,115,116,2607222.015720187
2025Q1,Communications,TS - ICD,Synergy Logistics 28,261,283,5475265.2632364305
2025Q1,Communications,TS - EA,Synergy Logistics 28,165,168,2587564.252975679
2025Q1,Communications,TS - CRS,Synergy Logistics 28,131,136,3278009.251285461
2025Q1,Communications,TS - DAAI,Synergy Logistics 28,214,203,4746134.758492239
2025Q1,Communications,TS - EA,Crown Consulting 29,672,759,23935469.069468398
2025Q1,Communications,TS - CIS,Crown Consulting 29,605,622,15781909.537457613
2025Q1,Communications,Engineering,Crown Consulting 29,296,309,9129470.653244356
2025Q1,Tech - New Age,BPS,Jade Telecom 30,173,156,2822415.590470255
2025Q1,Tech - New Age,TS - CRS,Jade Telecom 30,109,104,2089851.0936580303
2025Q1,Tech - New Age,TS - ICD,Jade Telecom 30,170,183,3950038.0374034056
2025Q1,Tech - New Age,WC - Consulting,Summit Holdings 31,114,116,3095278.0125644235
2025Q1,Tech - New Age,TS - DAAI,Summit Holdings 31,233,206,5929888.164903587
2025Q1,Tech - Software and Gaming,TS - TTMS,Willow Retail 32,133,141,2457848.8607692304
2025Q1,Tech - Software and Gaming,WC - Consulting,Willow Retail 32,135,131,4943348.064285515
2025Q1,Consumer,TS - CIS,Blue Foods 33,231,251,5985228.100886542
2025Q1,Consumer,BPS,Blue Foods 33,152,151,3414884.364378159
2025Q1,Consumer,TS - CRS,Blue Foods 33,134,136,3467873.77591735
2025Q1,Consumer,TS - TTMS,Blue Foods 33,271,290,6665626.917736793
2025Q1,Health,TS - DAAI,Nova Capital 34,596,564,14587550.136892093
2025Q1,Health,Engineering,Nova Capital 34,560,527,10536002.877135294
2025Q1,Health,BPS,Nova Capital 34,511,505,9154509.626420321
2025Q1,Health,TS - CRS,Nova Capital 34,373,392,11048689.606267968
2025Q1,Health,TS - CRS,Crown Foods 35,207,190,3877253.8373838663
2025Q1,Health,BPS,Crown Foods 35,127,114,2157954.231087528
2025Q1,Health,TS - CIS,Crown Foods 35,153,161,3214874.925625458
2025Q1,Consumer,TS - EA,Cobalt Health 36,350,337,9269012.654394057
2025Q1,Consumer,BPS,Cobalt Health 36,94,92,2086864.8680160802
2025Q1,Consumer,WC - Consulting,Cobalt Health 36,87,77,2418084.2370278505
2025Q1,Communications,BPS,Matrix Mobility 37,254,244,5168732.787004926
2025Q1,Communications,TS - ICD,Matrix Mobility 37,402,402,8499054.136974214
2025Q1,Communications,TS - DAAI,Matrix Mobility 37,178,188,4890962.158987983
2025Q1,Communications,Engineering,Matrix Mobility 37,96,92,1888036.5756936178
2025Q1,Health,WC - Consulting,Orion Telecom 38,192,211,3306491.8186089927
2025Q1,Health,TS - DAAI,Orion Telecom 38,209,200,5072089.605982741
2025Q1,Health,TS - CIS,Orion Telecom 38,168,161,4031991.5119482134
2025Q1,Health,TS - EA,Orion Telecom 38,137,150,3739640.426015112
2025Q1,Consumer,TS - CRS,Falcon Telecom 39,200,203,5898887.900370413
2025Q1,Consumer,TS - CIS,Falcon Telecom 39,229,221,6249341.437429398
2025Q1,Tech - New Age,Engineering,Lumina Holdings 40,104,103,2268831.4019898153
2025Q1,Tech - New Age,TS - CRS,Lumina Holdings 40,240,259,4608028.650235123
2025Q1,Tech - New Age,TS - TTMS,Lumina Holdings 40,384,418,7085448.057275519
2025Q1,Tech - New Age,BPS,Lumina Holdings 40,152,145,4157284.5616170056
2025Q1,Health,TS - DAAI,Vertex Mobility 41,152,152,6060239.916977988
2025Q1,Health,Engineering,Vertex Mobility 41,170,171,4998467.4743704125
2025Q1,Tech - Software and Gaming,BPS,Willow Retail 42,633,596,10034842.377161164
2025Q1,Tech - Software and Gaming,TS - ICD,Willow Retail 42,303,302,5360494.232484381
2025Q1,Tech - New Age,TS - CIS,Titan Labs 43,621,621,15671634.49132074
2025Q1,Tech - New Age,TS - CRS,Titan Labs 43,521,557,8982894.151835224
2025Q1,Tech - New Age,Engineering,Titan Labs 43,1184,1270,26113601.90789221
2025Q1,Consumer,TS - CIS,River Foods 44,185,181,3797640.4145363225
2025Q1,Consumer,TS - ICD,River Foods 44,319,315,7959165.456794913
2025Q1,Tech - Software and Gaming,TS - TTMS,Falcon Gaming 45,121,126,2070980.605021913
2025Q1,Tech - Software and Gaming,TS - CRS,Falcon Gaming 45,218,210,3232242.0303528504
2025Q1,Tech - Software and Gaming,Engineering,Falcon Gaming 45,224,232,5351833.352137891
2025Q1,Tech - Software and Gaming,WC - Consulting,Falcon Gaming 45,144,143,3398235.055485951
2025Q2,Tech - New Age,TS - EA,Umbra Health 01,197,197,3451960.1138777374
2025Q2,Tech - New Age,TS - DAAI,Umbra Health 01,360,334,11431036.123903492
2025Q2,Tech - New Age,WC - Consulting,Umbra Health 01,202,209,5288166.87284203
2025Q2,Health,TS - CIS,Apex Mobility 02,204,198,5823403.59505072
2025Q2,Health,TS - CRS,Apex Mobility 02,275,306,6152173.778360059
2025Q2,Health,Engineering,Apex Mobility 02,184,184,4112024.9432862084
2025Q2,Health,WC - Consulting,Apex Mobility 02,136,118,5315048.612975762
2025Q2,Tech - Software and Gaming,Engineering,Horizon Foods 03,165,169,3256537.7027743757
2025Q2,Tech - Software and Gaming,TS - EA,Horizon Foods 03,242,270,4100943.7135389145
2025Q2,Tech - Software and Gaming,TS - ICD,Horizon Foods 03,99,108,2484128.916854739
2025Q2,Tech - New Age,TS - CIS,Ever Health 04,724,804,14679736.156641876
2025Q2,Tech - New Age,WC - Consulting,Ever Health 04,531,499,13646504.615617398
2025Q2,Tech - New Age,TS - EA,Ever Health 04,905,955,20351912.49137171
2025Q2,Tech - New Age,TS - TTMS,Ever Health 04,210,201,4682713.265569171
2025Q2,Communications,TS - TTMS,Vertex Consulting 05,117,119,2145206.569538936
2025Q2,Communications,TS - ICD,Vertex Consulting 05,103,95,1910534.2487326926
2025Q2,Tech - Software and Gaming,TS - ICD,Crown Software 06,395,380,9083954.857020091
2025Q2,Tech - Software and Gaming,TS - DAAI,Crown Software 06,678,650,16597863.150734069
2025Q2,Tech - Software and Gaming,TS - CIS,Crown Software 06,518,546,11236693.102816286
2025Q2,Tech - Software and Gaming,TS - EA,Crown Software 06,606,635,12925154.057560738
2025Q2,Tech - New Age,TS - EA,Blue Systems 07,190,193,3551436.112937872
2025Q2,Tech - New Age,Engineering,Blue Systems 07,209,192,4505512.311521233
2025Q2,Tech - New Age,TS - CRS,Blue Systems 07,119,117,2737424.1077469527
2025Q2,Tech - New Age,TS - CIS,Blue Systems 07,241,230,5006690.038587318
2025Q2,Tech - New Age,TS - DAAI,Crown Holdings 08,248,261,6682838.58495523
2025Q2,Tech - New Age,WC - Consulting,Crown Holdings 08,224,240,5885926.150021634
2025Q2,Communications,Engineering,Horizon Aerospace 09,245,261,4937982.683987161
2025Q2,Communications,WC - Consulting,Horizon Aerospace 09,238,227,6348154.348323494
2025Q2,Health,TS - EA,Titan Systems 10,357,298,11734567.071330937
2025Q2,Health,Engineering,Titan Systems 10,169,151,4051990.972822181
2025Q2,Health,TS - CRS,Titan Systems 10,156,169,3704736.724168638
2025Q2,Health,TS - CIS,River Holdings 11,157,153,3076950.994962277
2025Q2,Health,WC - Consulting,River Holdings 11,119,114,3812529.4803789267
2025Q2,Health,TS - EA,River Holdings 11,126,138,3802918.5439962535
2025Q2,Tech - Software and Gaming,TS - CRS,Willow Consulting 12,113,122,3046195.28049775
2025Q2,Tech - Software and Gaming,TS - ICD,Willow Consulting 12,154,154,2648966.3435547254
2025Q2,Tech - New Age,WC - Consulting,Nimbus Foods 13,218,214,6209169.16424727
2025Q2,Tech - New Age,TS - EA,Nimbus Foods 13,187,186,5705925.779980904
2025Q2,Tech - New Age,TS - DAAI,Nimbus Foods 13,152,154,4101667.82874385
2025Q2,Tech - New Age,TS - TTMS,Nimbus Foods 13,218,239,5175138.073920897
2025Q2,Tech - Software and Gaming,TS - DAAI,Orion Mobility 14,257,264,6468362.273037898
2025Q2,Tech - Software and Gaming,TS - CIS,Orion Mobility 14,150,157,3144313.619224686
2025Q2,Health,BPS,Stratus Systems 15,122,131,2192760.9093370805
2025Q2,Health,WC - Consulting,Stratus Systems 15,258,240,4813465.41555841
2025Q2,Health,TS - CRS,Stratus Systems 15,197,206,3966156.612600757
2025Q2,Consumer,BPS,Nova Labs 16,76,75,1969911.102082639
2025Q2,Consumer,Engineering,Nova Labs 16,186,158,3280220.472391699
2025Q2,Health - UHG,TS - EA,Willow Software 17,219,191,4196836.743005399
2025Q2,Health - UHG,TS - CRS,Willow Software 17,116,109,2398598.0363639966
2025Q2,Communications,TS - CIS,Keystone Mobility 18,192,198,4395694.113495704
2025Q2,Communications,BPS,Keystone Mobility 18,86,87,1537418.2655100094
2025Q2,Communications,TS - EA,Keystone Mobility 18,348,352,9136896.602001505
2025Q2,Communications,TS - CRS,Keystone Mobility 18,308,344,6846983.927396851
2025Q2,Tech - Software and Gaming,TS - ICD,Ever Holdings 19,421,389,11168361.516794221
2025Q2,Tech - Software and Gaming,TS - CRS,Ever Holdings 19,753,752,14264758.55169772
2025Q2,Tech - Software and Gaming,Engineering,Ever Holdings 19,238,242,6543216.980405543
2025Q2,Tech - Software and Gaming,WC - Consulting,Ever Holdings 19,462,442,9695415.960169839
2025Q2,Health - UHG,WC - Consulting,Nova Energy 20,195,195,5306359.115232043
2025Q2,Health - UHG,TS - EA,Nova Energy 20,121,109,2710432.4825895815
2025Q2,Tech - New Age,TS - TTMS,Delta Retail 21,212,230,4727763.600545737
2025Q2,Tech - New Age,TS - CIS,Delta Retail 21,359,344,9996086.288871814
2025Q2,Consumer,TS - EA,Matrix Health 22,132,148,3179198.503335643
2025Q2,Consumer,TS - CIS,Matrix Health 22,136,136,3016315.0349163786
2025Q2,Consumer,TS - ICD,Matrix Health 22,197,209,4077926.659635362
2025Q2,Tech - Software and Gaming,TS - CRS,Lumina Telecom 23,306,305,4398252.446891376
2025Q2,Tech - Software and Gaming,TS - CIS,Lumina Telecom 23,115,115,2829615.1859193845
2025Q2,Tech - Software and Gaming,TS - TTMS,Titan Mobility 24,188,181,3477502.037975506
2025Q2,Tech - Software and Gaming,TS - CRS,Titan Mobility 24,342,344,7212194.68029998
2025Q2,Tech - New Age,TS - TTMS,Stratus Networks 25,302,308,6478537.518114292
2025Q2,Tech - New Age,TS - DAAI,Stratus Networks 25,401,382,11181347.841900287
2025Q2,Consumer,TS - TTMS,Zenith Gaming 26,402,399,7564710.821122809
2025Q2,Consumer,TS - CIS,Zenith Gaming 26,457,440,10838647.890891677
2025Q2,Consumer,BPS,Zenith Gaming 26,586,667,11635448.044519536
2025Q2,Consumer,TS - ICD,Zenith Gaming 26,614,611,12545967.583604408
2025Q2,Health,TS - CIS,River Health 27,105,115,2297052.8730030977
2025Q2,Health,TS - ICD,River Health 27,197,195,4961933.741125141
2025Q2,Health,BPS,River Health 27,133,135,1887535.9871335672
2025Q2,Communications,TS - ICD,Synergy Logistics 28,287,264,5673285.939103619
2025Q2,Communications,TS - EA,Synergy Logistics 28,156,152,4538719.396318512
2025Q2,Communications,TS - CRS,Synergy Logistics 28,129,131,2364269.998523094
2025Q2,Communications,TS - DAAI,Synergy Logistics 28,283,310,6876630.939769372
2025Q2,Communications,TS - EA,Crown Consulting 29,790,801,17778577.312851157
2025Q2,Communications,TS - CIS,Crown Consulting 29,680,736,14713520.457891038
2025Q2,Communications,Engineering,Crown Consulting 29,322,334,6936280.196001746
2025Q2,Tech - New Age,BPS,Jade Telecom 30,163,179,3184856.790899361
2025Q2,Tech - New Age,TS - CRS,Jade Telecom 30,106,106,3515168.388920702
2025Q2,Tech - New Age,TS - ICD,Jade Telecom 30,189,216,3176810.312980618
2025Q2,Tech - New Age,WC - Consulting,Summit Holdings 31,114,111,2639018.0427389666
2025Q2,Tech - New Age,TS - DAAI,Summit Holdings 31,301,287,5308856.387139012
2025Q2,Tech - Software and Gaming,TS - TTMS,Willow Retail 32,110,102,3179201.999718963
2025Q2,Tech - Software and Gaming,WC - Consulting,Willow Retail 32,115,131,3078697.6239370354
2025Q2,Consumer,TS - CIS,Blue Foods 33,240,252,5318545.744040976
2025Q2,Consumer,BPS,Blue Foods 33,177,173,2776612.195066047
2025Q2,Consumer,TS - CRS,Blue Foods 33,140,150,2681075.034451939
2025Q2,Consumer,TS - TTMS,Blue Foods 33,276,287,5210637.67231297
2025Q2,Health,TS - DAAI,Nova Capital 34,485,542,21940755.22975562
2025Q2,Health,Engineering,Nova Capital 34,571,518,17863387.412104547
2025Q2,Health,BPS,Nova Capital 34,466,459,8377286.127283894
2025Q2,Health,TS - CRS,Nova Capital 34,378,368,10898419.106377423
2025Q2,Health,TS - CRS,Crown Foods 35,206,182,4002018.7564631007
2025Q2,Health,BPS,Crown Foods 35,98,104,1716162.2618602116
2025Q2,Health,TS - CIS,Crown Foods 35,139,137,4201370.169963213
2025Q2,Consumer,TS - EA,Cobalt Health 36,293,306,8902361.278427677
2025Q2,Consumer,BPS,Cobalt Health 36,94,107,2205782.48037612
2025Q2,Consumer,WC - Consulting,Cobalt Health 36,89,87,2066166.295458325
2025Q2,Communications,BPS,Matrix Mobility 37,261,254,4642723.442622109
2025Q2,Communications,TS - ICD,Matrix Mobility 37,434,437,9669119.500995096
2025Q2,Communications,TS - DAAI,Matrix Mobility 37,191,202,5090673.592572922
2025Q2,Communications,Engineering,Matrix Mobility 37,104,100,2149423.4793052333
2025Q2,Health,WC - Consulting,Orion Telecom 38,180,173,3639780.6832150915
2025Q2,Health,TS - DAAI,Orion Telecom 38,193,205,5100059.1807107935
2025Q2,Health,TS - CIS,Orion Telecom 38,175,179,4565113.986614082
2025Q2,Health,TS - EA,Orion Telecom 38,130,114,2635022.407598356
2025Q2,Consumer,TS - CRS,Falcon Telecom 39,205,190,5185195.401550695
2025Q2,Consumer,TS - CIS,Falcon Telecom 39,210,229,5246901.542971082
2025Q2,Tech - New Age,Engineering,Lumina Holdings 40,104,107,2981482.997540787
2025Q2,Tech - New Age,TS - CRS,Lumina Holdings 40,228,218,5597759.181241051
2025Q2,Tech - New Age,TS - TTMS,Lumina Holdings 40,324,321,6005966.135603228
2025Q2,Tech - New Age,BPS,Lumina Holdings 40,146,146,2255705.197483557
2025Q2,Health,TS - DAAI,Vertex Mobility 41,174,182,4529614.019829888
2025Q2,Health,Engineering,Vertex Mobility 41,161,148,4881834.3178137
2025Q2,Tech - Software and Gaming,BPS,Willow Retail 42,621,590,9913138.841956094
2025Q2,Tech - Software and Gaming,TS - ICD,Willow Retail 42,292,297,5575376.088326089
2025Q2,Tech - New Age,TS - CIS,Titan Labs 43,567,564,10710705.70615079
2025Q2,Tech - New Age,TS - CRS,Titan Labs 43,513,531,13932839.284893166
2025Q2,Tech - New Age,Engineering,Titan Labs 43,1089,1009,30969689.673856128
2025Q2,Consumer,TS - CIS,River Foods 44,150,153,4384217.54211002
2025Q2,Consumer,TS - ICD,River Foods 44,321,342,7326341.6407481935
2025Q2,Tech - Software and Gaming,TS - TTMS,Falcon Gaming 45,103,106,2407679.0107927104
2025Q2,Tech - Software and Gaming,TS - CRS,Falcon Gaming 45,205,207,4541894.843427129
2025Q2,Tech - Software and Gaming,Engineering,Falcon Gaming 45,210,209,4894626.75324471
2025Q2,Tech - Software and Gaming,WC - Consulting,Falcon Gaming 45,162,154,3578361.339303194
2025Q3,Tech - New Age,TS - EA,Umbra Health 01,176,209,4845639.854939618
2025Q3,Tech - New Age,TS - DAAI,Umbra Health 01,346,357,9098183.160689559
2025Q3,Tech - New Age,WC - Consulting,Umbra Health 01,223,229,4768920.554845377
2025Q3,Health,TS - CIS,Apex Mobility 02,169,176,4257364.988745819
2025Q3,Health,TS - CRS,Apex Mobility 02,320,301,6893880.686368949
2025Q3,Health,Engineering,Apex Mobility 02,166,162,3746654.889670003
2025Q3,Health,WC - Consulting,Apex Mobility 02,151,146,4019236.0217785733
2025Q3,Tech - Software and Gaming,Engineering,Horizon Foods 03,164,170,4155176.268162999
2025Q3,Tech - Software and Gaming,TS - EA,Horizon Foods 03,205,203,6270728.0943757715
2025Q3,Tech - Software and Gaming,TS - ICD,Horizon Foods 03,84,85,2552627.346925427
2025Q3,Tech - New Age,TS - CIS,Ever Health 04,678,722,19424281.800305836
2025Q3,Tech - New Age,WC - Consulting,Ever Health 04,555,584,11978450.093527148
2025Q3,Tech - New Age,TS - EA,Ever Health 04,959,950,19534617.539135695
2025Q3,Tech - New Age,TS - TTMS,Ever Health 04,196,188,4476955.587342937
2025Q3,Communications,TS - TTMS,Vertex Consulting 05,112,120,2327502.2017822387
2025Q3,Communications,TS - ICD,Vertex Consulting 05,87,91,1665758.5688181384
2025Q3,Tech - Software and Gaming,TS - ICD,Crown Software 06,387,350,7999981.944349826
2025Q3,Tech - Software and Gaming,TS - DAAI,Crown Software 06,645,633,18101576.831136517
2025Q3,Tech - Software and Gaming,TS - CIS,Crown Software 06,479,484,11359742.375583854
2025Q3,Tech - Software and Gaming,TS - EA,Crown Software 06,520,544,13073274.605320254
2025Q3,Tech - New Age,TS - EA,Blue Systems 07,181,191,5286189.692269293
2025Q3,Tech - New Age,Engineering,Blue Systems 07,181,184,4978990.486605354
2025Q3,Tech - New Age,TS - CRS,Blue Systems 07,120,124,3922091.078971824
2025Q3,Tech - New Age,TS - CIS,Blue Systems 07,249,250,5490060.596433237
2025Q3,Tech - New Age,TS - DAAI,Crown Holdings 08,234,225,6708632.575092535
2025Q3,Tech - New Age,WC - Consulting,Crown Holdings 08,225,221,5946631.853018156
2025Q3,Communications,Engineering,Horizon Aerospace 09,246,246,5699895.825622114
2025Q3,Communications,WC - Consulting,Horizon Aerospace 09,215,215,6149978.117296935
2025Q3,Health,TS - EA,Titan Systems 10,369,327,13004619.165792378
2025Q3,Health,Engineering,Titan Systems 10,198,193,3852502.9183699
2025Q3,Health,TS - CRS,Titan Systems 10,151,152,3944590.192716616
2025Q3,Health,TS - CIS,River Holdings 11,150,147,3312489.531599137
2025Q3,Health,WC - Consulting,River Holdings 11,145,143,2870427.0293706493
2025Q3,Health,TS - EA,River Holdings 11,120,124,3397916.316187426
2025Q3,Tech - Software and Gaming,TS - CRS,Willow Consulting 12,132,123,3436294.3387855575
2025Q3,Tech - Software and Gaming,TS - ICD,Willow Consulting 12,166,150,3059528.8185080625
2025Q3,Tech - New Age,WC - Consulting,Nimbus Foods 13,243,238,5831319.885665136
2025Q3,Tech - New Age,TS - EA,Nimbus Foods 13,185,193,3685581.2330083726
2025Q3,Tech - New Age,TS - DAAI,Nimbus Foods 13,160,176,3534132.3834577207
2025Q3,Tech - New Age,TS - TTMS,Nimbus Foods 13,217,227,5250802.560439273
2025Q3,Tech - Software and Gaming,TS - DAAI,Orion Mobility 14,284,259,6733758.811554365
2025Q3,Tech - Software and Gaming,TS - CIS,Orion Mobility 14,156,154,3349334.7601090698
2025Q3,Health,BPS,Stratus Systems 15,124,126,2236832.58127074
2025Q3,Health,WC - Consulting,Stratus Systems 15,252,255,5830965.682257395
2025Q3,Health,TS - CRS,Stratus Systems 15,166,171,3856637.2286776816
2025Q3,Consumer,BPS,Nova Labs 16,95,90,1826710.2626912394
2025Q3,Consumer,Engineering,Nova Labs 16,215,216,3694224.918543496
2025Q3,Health - UHG,TS - EA,Willow Software 17,225,231,4468740.13848944
2025Q3,Health - UHG,TS - CRS,Willow Software 17,140,147,2884803.9677268667
2025Q3,Communications,TS - CIS,Keystone Mobility 18,193,184,5166474.788594471
2025Q3,Communications,BPS,Keystone Mobility 18,75,73,1968637.7770151114
2025Q3,Communications,TS - EA,Keystone Mobility 18,258,216,6748678.921134723
2025Q3,Communications,TS - CRS,Keystone Mobility 18,272,262,6875182.897840179
2025Q3,Tech - Software and Gaming,TS - ICD,Ever Holdings 19,463,448,9279691.73877958
2025Q3,Tech - Software and Gaming,TS - CRS,Ever Holdings 19,582,546,18477145.898921855
2025Q3,Tech - Software and Gaming,Engineering,Ever Holdings 19,256,259,5238496.424674106
2025Q3,Tech - Software and Gaming,WC - Consulting,Ever Holdings 19,449,447,13556661.706969073
2025Q3,Health - UHG,WC - Consulting,Nova Energy 20,160,138,4256755.129920884
2025Q3,Health - UHG,TS - EA,Nova Energy 20,126,128,4360372.608207525
2025Q3,Tech - New Age,TS - TTMS,Delta Retail 21,229,216,4588253.89799247
2025Q3,Tech - New Age,TS - CIS,Delta Retail 21,331,341,7232071.348087126
2025Q3,Consumer,TS - EA,Matrix Health 22,135,125,2867152.4453269383
2025Q3,Consumer,TS - CIS,Matrix Health 22,129,129,3505386.3300659456
2025Q3,Consumer,TS - ICD,Matrix Health 22,188,185,4527158.871701624
2025Q3,Tech - Software and Gaming,TS - CRS,Lumina Telecom 23,331,337,6729382.6320744585
2025Q3,Tech - Software and Gaming,TS - CIS,Lumina Telecom 23,124,125,2740543.979004319
2025Q3,Tech - Software and Gaming,TS - TTMS,Titan Mobility 24,186,183,3989739.6715120003
2025Q3,Tech - Software and Gaming,TS - CRS,Titan Mobility 24,297,270,7461772.436592354
2025Q3,Tech - New Age,TS - TTMS,Stratus Networks 25,310,283,4831441.573286613
2025Q3,Tech - New Age,TS - DAAI,Stratus Networks 25,395,381,10076157.11551009
2025Q3,Consumer,TS - TTMS,Zenith Gaming 26,448,448,9360033.211231073
2025Q3,Consumer,TS - CIS,Zenith Gaming 26,489,471,13373922.330584753
2025Q3,Consumer,BPS,Zenith Gaming 26,641,665,14775583.331108524
2025Q3,Consumer,TS - ICD,Zenith Gaming 26,594,584,13953694.757266391
2025Q3,Health,TS - CIS,River Health 27,90,85,2356290.00164349
2025Q3,Health,TS - ICD,River Health 27,178,175,4782043.454940418
2025Q3,Health,BPS,River Health 27,127,129,2023483.4805872196
2025Q3,Communications,TS - ICD,Synergy Logistics 28,263,268,5436222.7171259215
2025Q3,Communications,TS - EA,Synergy Logistics 28,167,186,3327401.0575647377
2025Q3,Communications,TS - CRS,Synergy Logistics 28,138,132,2559995.080049171
2025Q3,Communications,TS - DAAI,Synergy Logistics 28,223,222,7084220.817625081
2025Q3,Communications,TS - EA,Crown Consulting 29,855,877,20091235.599013895
2025Q3,Communications,TS - CIS,Crown Consulting 29,653,652,17360143.20887166
2025Q3,Communications,Engineering,Crown Consulting 29,340,330,8680327.29041012
2025Q3,Tech - New Age,BPS,Jade Telecom 30,166,151,3410613.7845251258
2025Q3,Tech - New Age,TS - CRS,Jade Telecom 30,136,132,2918434.3346485365
2025Q3,Tech - New Age,TS - ICD,Jade Telecom 30,167,156,3841240.783147024
2025Q3,Tech - New Age,WC - Consulting,Summit Holdings 31,119,107,3368399.8249913254
2025Q3,Tech - New Age,TS - DAAI,Summit Holdings 31,244,232,5826407.875602073
2025Q3,Tech - Software and Gaming,TS - TTMS,Willow Retail 32,110,103,2610727.8854593798
2025Q3,Tech - Software and Gaming,WC - Consulting,Willow Retail 32,131,136,3672145.018057896
2025Q3,Consumer,TS - CIS,Blue Foods 33,261,270,4861024.6671279
2025Q3,Consumer,BPS,Blue Foods 33,152,144,2992411.259817282
2025Q3,Consumer,TS - CRS,Blue Foods 33,143,141,2832038.016846446
2025Q3,Consumer,TS - TTMS,Blue Foods 33,206,183,5021127.614152976
2025Q3,Health,TS - DAAI,Nova Capital 34,567,550,12903848.893945811
2025Q3,Health,Engineering,Nova Capital 34,589,603,17645212.867061052
2025Q3,Health,BPS,Nova Capital 34,477,501,11245557.456052292
2025Q3,Health,TS - CRS,Nova Capital 34,483,462,10791431.109077835
2025Q3,Health,TS - CRS,Crown Foods 35,199,212,6135014.426811167
2025Q3,Health,BPS,Crown Foods 35,118,107,2192000.3839266947
2025Q3,Health,TS - CIS,Crown Foods 35,151,140,5719630.044426433
2025Q3,Consumer,TS - EA,Cobalt Health 36,259,270,7277802.1382148005
2025Q3,Consumer,BPS,Cobalt Health 36,92,101,1972120.136641593
2025Q3,Consumer,WC - Consulting,Cobalt Health 36,93,96,2102576.8362122
2025Q3,Communications,BPS,Matrix Mobility 37,212,211,5067370.454877067
2025Q3,Communications,TS - ICD,Matrix Mobility 37,380,330,9859844.077534225
2025Q3,Communications,TS - DAAI,Matrix Mobility 37,174,153,4750519.553783832
2025Q3,Communications,Engineering,Matrix Mobility 37,108,109,2996392.1638114983
2025Q3,Health,WC - Consulting,Orion Telecom 38,191,187,4841924.626482034
2025Q3,Health,TS - DAAI,Orion Telecom 38,180,168,5256152.896325237
2025Q3,Health,TS - CIS,Orion Telecom 38,186,187,3410633.6033257386
2025Q3,Health,TS - EA,Orion Telecom 38,121,122,3380286.564952234
2025Q3,Consumer,TS - CRS,Falcon Telecom 39,229,242,4648503.010925609
2025Q3,Consumer,TS - CIS,Falcon Telecom 39,193,195,4587458.672036085
2025Q3,Tech - New Age,Engineering,Lumina Holdings 40,121,130,2387109.272086189
2025Q3,Tech - New Age,TS - CRS,Lumina Holdings 40,214,214,7381598.776734862
2025Q3,Tech - New Age,TS - TTMS,Lumina Holdings 40,299,297,6449852.2784762075
2025Q3,Tech - New Age,BPS,Lumina Holdings 40,151,161,2325917.1752615804
2025Q3,Health,TS - DAAI,Vertex Mobility 41,188,177,4448589.761951895
2025Q3,Health,Engineering,Vertex Mobility 41,171,200,4267688.981473301
2025Q3,Tech - Software and Gaming,BPS,Willow Retail 42,602,616,11749578.546059
2025Q3,Tech - Software and Gaming,TS - ICD,Willow Retail 42,276,282,6768919.342940558
2025Q3,Tech - New Age,TS - CIS,Titan Labs 43,639,659,15683264.787109155
2025Q3,Tech - New Age,TS - CRS,Titan Labs 43,499,555,9789184.08249059
2025Q3,Tech - New Age,Engineering,Titan Labs 43,1134,1188,28987760.585781902
2025Q3,Consumer,TS - CIS,River Foods 44,163,147,3447928.278005287
2025Q3,Consumer,TS - ICD,River Foods 44,301,326,5812592.820551601
2025Q3,Tech - Software and Gaming,TS - TTMS,Falcon Gaming 45,113,111,1937030.8579498152
2025Q3,Tech - Software and Gaming,TS - CRS,Falcon Gaming 45,247,249,3968511.111880095
2025Q3,Tech - Software and Gaming,Engineering,Falcon Gaming 45,225,208,5923868.862496605
2025Q3,Tech - Software and Gaming,WC - Consulting,Falcon Gaming 45,160,165,4258798.495169006
2025Q4,Tech - New Age,TS - EA,Umbra Health 01,174,165,4011012.8287947103
2025Q4,Tech - New Age,TS - DAAI,Umbra Health 01,365,349,8742612.708525645
2025Q4,Tech - New Age,WC - Consulting,Umbra Health 01,223,213,7165210.322288216
2025Q4,Health,TS - CIS,Apex Mobility 02,203,209,6078278.082727839
2025Q4,Health,TS - CRS,Apex Mobility 02,297,293,6635131.639801998
2025Q4,Health,Engineering,Apex Mobility 02,156,154,3940793.443134065
2025Q4,Health,WC - Consulting,Apex Mobility 02,122,126,3480496.0217595343
2025Q4,Tech - Software and Gaming,Engineering,Horizon Foods 03,163,162,4467031.731838327
2025Q4,Tech - Software and Gaming,TS - EA,Horizon Foods 03,226,222,5145393.917844079
2025Q4,Tech - Software and Gaming,TS - ICD,Horizon Foods 03,100,103,1906527.5764083706
2025Q4,Tech - New Age,TS - CIS,Ever Health 04,642,668,19083592.974032376
2025Q4,Tech - New Age,WC - Consulting,Ever Health 04,558,553,12520848.324675791
2025Q4,Tech - New Age,TS - EA,Ever Health 04,1058,1063,21910149.51616673
2025Q4,Tech - New Age,TS - TTMS,Ever Health 04,221,211,3518403.3011194626
2025Q4,Communications,TS - TTMS,Vertex Consulting 05,120,114,2726436.5057836166
2025Q4,Communications,TS - ICD,Vertex Consulting 05,94,98,2604015.254108732
2025Q4,Tech - Software and Gaming,TS - ICD,Crown Software 06,463,475,9381801.250567712
2025Q4,Tech - Software and Gaming,TS - DAAI,Crown Software 06,665,683,23839426.44011032
2025Q4,Tech - Software and Gaming,TS - CIS,Crown Software 06,549,558,10900759.777468424
2025Q4,Tech - Software and Gaming,TS - EA,Crown Software 06,521,522,13989149.884786677
2025Q4,Tech - New Age,TS - EA,Blue Systems 07,172,179,3787669.797731727
2025Q4,Tech - New Age,Engineering,Blue Systems 07,199,210,4600070.06418089
2025Q4,Tech - New Age,TS - CRS,Blue Systems 07,134,141,2993910.0019460325
2025Q4,Tech - New Age,TS - CIS,Blue Systems 07,263,261,5352325.144367521
2025Q4,Tech - New Age,TS - DAAI,Crown Holdings 08,270,292,5583991.088736906
2025Q4,Tech - New Age,WC - Consulting,Crown Holdings 08,222,225,4805906.1128395
2025Q4,Communications,Engineering,Horizon Aerospace 09,272,282,4391603.523782768
2025Q4,Communications,WC - Consulting,Horizon Aerospace 09,214,218,6109061.949787015
2025Q4,Health,TS - EA,Titan Systems 10,369,374,12785056.296509018
2025Q4,Health,Engineering,Titan Systems 10,155,148,5284535.725509956
2025Q4,Health,TS - CRS,Titan Systems 10,172,179,2570204.058431752
2025Q4,Health,TS - CIS,River Holdings 11,149,174,3914132.6043501934
2025Q4,Health,WC - Consulting,River Holdings 11,167,163,4118464.7036028593
2025Q4,Health,TS - EA,River Holdings 11,109,109,2364714.9880356574
2025Q4,Tech - Software and Gaming,TS - CRS,Willow Consulting 12,142,138,2674238.8634398025
2025Q4,Tech - Software and Gaming,TS - ICD,Willow Consulting 12,163,158,4039256.5845380994
2025Q4,Tech - New Age,WC - Consulting,Nimbus Foods 13,240,262,6246637.961403466
2025Q4,Tech - New Age,TS - EA,Nimbus Foods 13,168,161,3864228.460092647
2025Q4,Tech - New Age,TS - DAAI,Nimbus Foods 13,178,173,4608005.151128425
2025Q4,Tech - New Age,TS - TTMS,Nimbus Foods 13,232,210,3207354.0806921944
2025Q4,Tech - Software and Gaming,TS - DAAI,Orion Mobility 14,268,256,6879648.557679971
2025Q4,Tech - Software and Gaming,TS - CIS,Orion Mobility 14,179,161,4621274.923487942
2025Q4,Health,BPS,Stratus Systems 15,108,112,2134635.3427200667
2025Q4,Health,WC - Consulting,Stratus Systems 15,232,271,5763810.348516281
2025Q4,Health,TS - CRS,Stratus Systems 15,178,174,4658603.485588287
2025Q4,Consumer,BPS,Nova Labs 16,74,67,1864001.391262449
2025Q4,Consumer,Engineering,Nova Labs 16,195,206,5272115.16186903
2025Q4,Health - UHG,TS - EA,Willow Software 17,228,218,5748607.103811644
2025Q4,Health - UHG,TS - CRS,Willow Software 17,119,128,3265608.39862577
2025Q4,Communications,TS - CIS,Keystone Mobility 18,197,194,4911651.932429969
2025Q4,Communications,BPS,Keystone Mobility 18,85,82,1675886.01189817
2025Q4,Communications,TS - EA,Keystone Mobility 18,311,308,7444141.105141578
2025Q4,Communications,TS - CRS,Keystone Mobility 18,254,266,5678105.61950794
2025Q4,Tech - Software and Gaming,TS - ICD,Ever Holdings 19,452,446,8571899.42261997
2025Q4,Tech - Software and Gaming,TS - CRS,Ever Holdings 19,681,661,11991539.974366304
2025Q4,Tech - Software and Gaming,Engineering,Ever Holdings 19,256,253,5863184.655951363
2025Q4,Tech - Software and Gaming,WC - Consulting,Ever Holdings 19,497,459,11344340.480822086
2025Q4,Health - UHG,WC - Consulting,Nova Energy 20,182,186,5743087.082219128
2025Q4,Health - UHG,TS - EA,Nova Energy 20,121,108,3155654.357133253
2025Q4,Tech - New Age,TS - TTMS,Delta Retail 21,224,218,4807695.135249667
2025Q4,Tech - New Age,TS - CIS,Delta Retail 21,380,397,9754417.23658349
2025Q4,Consumer,TS - EA,Matrix Health 22,133,135,2950082.175242743
2025Q4,Consumer,TS - CIS,Matrix Health 22,147,152,3357585.12804146
2025Q4,Consumer,TS - ICD,Matrix Health 22,171,170,3671365.2990919244
2025Q4,Tech - Software and Gaming,TS - CRS,Lumina Telecom 23,301,322,8168669.5055615455
2025Q4,Tech - Software and Gaming,TS - CIS,Lumina Telecom 23,115,121,2949775.6233175998
2025Q4,Tech - Software and Gaming,TS - TTMS,Titan Mobility 24,155,159,2933790.8176889303
2025Q4,Tech - Software and Gaming,TS - CRS,Titan Mobility 24,320,338,7382754.648670088
2025Q4,Tech - New Age,TS - TTMS,Stratus Networks 25,315,329,7398537.56611593
2025Q4,Tech - New Age,TS - DAAI,Stratus Networks 25,432,421,10911620.428519566
2025Q4,Consumer,TS - TTMS,Zenith Gaming 26,392,360,9518459.490896348
2025Q4,Consumer,TS - CIS,Zenith Gaming 26,419,430,11914558.969077265
2025Q4,Consumer,BPS,Zenith Gaming 26,699,722,9776486.449560316
2025Q4,Consumer,TS - ICD,Zenith Gaming 26,574,612,13201309.449737031
2025Q4,Health,TS - CIS,River Health 27,92,87,1803653.5860449984
2025Q4,Health,TS - ICD,River Health 27,195,184,3832806.0042124405
2025Q4,Health,BPS,River Health 27,105,108,2588520.5854046154
2025Q4,Communications,TS - ICD,Synergy Logistics 28,288,287,5780426.504115348
2025Q4,Communications,TS - EA,Synergy Logistics 28,148,131,3543214.5813031797
2025Q4,Communications,TS - CRS,Synergy Logistics 28,153,156,3251709.302190736
2025Q4,Communications,TS - DAAI,Synergy Logistics 28,252,224,6577920.208497782
2025Q4,Communications,TS - EA,Crown Consulting 29,885,835,19283279.53885576
2025Q4,Communications,TS - CIS,Crown Consulting 29,687,743,17020981.359563425
2025Q4,Communications,Engineering,Crown Consulting 29,354,393,7063440.207164038
2025Q4,Tech - New Age,BPS,Jade Telecom 30,185,172,3259067.1577065364
2025Q4,Tech - New Age,TS - CRS,Jade Telecom 30,126,124,2523405.7381053437
2025Q4,Tech - New Age,TS - ICD,Jade Telecom 30,185,185,3001920.6757329577
2025Q4,Tech - New Age,WC - Consulting,Summit Holdings 31,120,133,2716462.9425216233
2025Q4,Tech - New Age,TS - DAAI,Summit Holdings 31,279,271,8096632.292665219
2025Q4,Tech - Software and Gaming,TS - TTMS,Willow Retail 32,111,108,2577388.275522699
2025Q4,Tech - Software and Gaming,WC - Consulting,Willow Retail 32,128,140,2682824.0311813136
2025Q4,Consumer,TS - CIS,Blue Foods 33,231,226,4201926.98563508
2025Q4,Consumer,BPS,Blue Foods 33,163,170,2875926.8926714538
2025Q4,Consumer,TS - CRS,Blue Foods 33,134,122,3871375.5067115375
2025Q4,Consumer,TS - TTMS,Blue Foods 33,271,268,5204438.050627435
2025Q4,Health,TS - DAAI,Nova Capital 34,561,505,18305652.332894888
2025Q4,Health,Engineering,Nova Capital 34,528,495,15154277.170108842
2025Q4,Health,BPS,Nova Capital 34,510,536,10132041.885640943
2025Q4,Health,TS - CRS,Nova Capital 34,406,405,8025902.828213816
2025Q4,Health,TS - CRS,Crown Foods 35,176,173,5174312.038958066
2025Q4,Health,BPS,Crown Foods 35,121,116,2112467.1058273874
2025Q4,Health,TS - CIS,Crown Foods 35,162,160,4069412.1222745697
2025Q4,Consumer,TS - EA,Cobalt Health 36,319,325,6564837.423594392
2025Q4,Consumer,BPS,Cobalt Health 36,106,112,1919918.0266953087
2025Q4,Consumer,WC - Consulting,Cobalt Health 36,73,62,2317585.018769571
2025Q4,Communications,BPS,Matrix Mobility 37,227,216,4612468.220152305
2025Q4,Communications,TS - ICD,Matrix Mobility 37,469,473,9103917.45477943
2025Q4,Communications,TS - DAAI,Matrix Mobility 37,165,164,4573490.986403097
2025Q4,Communications,Engineering,Matrix Mobility 37,100,102,2051224.4933449822
2025Q4,Health,WC - Consulting,Orion Telecom 38,170,173,5854188.115655406
2025Q4,Health,TS - DAAI,Orion Telecom 38,189,186,5818627.495716505
2025Q4,Health,TS - CIS,Orion Telecom 38,159,154,3434986.3081199084
2025Q4,Health,TS - EA,Orion Telecom 38,135,133,3405348.176596712
2025Q4,Consumer,TS - CRS,Falcon Telecom 39,214,229,4179294.3033858202
2025Q4,Consumer,TS - CIS,Falcon Telecom 39,208,199,4144384.905162846
2025Q4,Tech - New Age,Engineering,Lumina Holdings 40,102,102,3084904.2436313177
2025Q4,Tech - New Age,TS - CRS,Lumina Holdings 40,226,228,3771624.145622949
2025Q4,Tech - New Age,TS - TTMS,Lumina Holdings 40,294,322,7595091.0060542105
2025Q4,Tech - New Age,BPS,Lumina Holdings 40,159,156,2744637.004058924
2025Q4,Health,TS - DAAI,Vertex Mobility 41,223,236,4713747.705470527
2025Q4,Health,Engineering,Vertex Mobility 41,197,212,4504897.927709561
2025Q4,Tech - Software and Gaming,BPS,Willow Retail 42,609,607,11633537.077661607
2025Q4,Tech - Software and Gaming,TS - ICD,Willow Retail 42,288,284,5419835.209357146
2025Q4,Tech - New Age,TS - CIS,Titan Labs 43,515,505,15543705.738953115
2025Q4,Tech - New Age,TS - CRS,Titan Labs 43,431,424,10803905.116445037
2025Q4,Tech - New Age,Engineering,Titan Labs 43,1257,1321,22472544.56311974
2025Q4,Consumer,TS - CIS,River Foods 44,158,160,3775739.3371114475
2025Q4,Consumer,TS - ICD,River Foods 44,280,284,7729621.957305247
2025Q4,Tech - Software and Gaming,TS - TTMS,Falcon Gaming 45,107,100,2815660.2940333313
2025Q4,Tech - Software and Gaming,TS - CRS,Falcon Gaming 45,194,183,5202537.577290769
2025Q4,Tech - Software and Gaming,Engineering,Falcon Gaming 45,188,212,4160776.5551011073
2025Q4,Tech - Software and Gaming,WC - Consulting,Falcon Gaming 45,147,145,4072191.363568908
